timestamp,tag_id,orientation,qx,qy,qz,qw,x,y,z
0.03333333333333333,10,wall_front,0.09621184968142539,0.9796742065846202,0.030525758549085798,0.1733490899851411,118.40123914702608,-251.37581173137036,1337.6638703266703
0.03333333333333333,17,wall_front,-0.07287372363842988,0.9731616039672218,-0.1911003998772111,0.10548246363156279,-65.41813083243565,203.52841873774025,1354.666407042205
0.3,17,wall_front,-0.10560555257762531,0.9889902841810527,-0.017553850369409086,0.10216431567559857,-10.129106829898344,245.64775264171934,1357.86583607634
0.3,10,wall_front,0.0792463860710179,0.9894445778014062,0.03245903541666345,0.1169010212697051,198.09344584975426,-207.1366753639301,1365.5631425210274
0.3,6,wall_right,0.9122917597763701,0.39226614237457735,0.11567271091043853,0.021698906454747438,624.9156999497749,142.5146075463684,1473.785279741631
0.5666666666666667,17,wall_front,-0.11234382860689042,0.992139336599869,-0.016931654575141154,0.05245683957755819,-2.6115233925800174,269.79285664758413,1378.0776314388797
0.5666666666666667,10,wall_front,0.06672480534861273,0.9946745888610496,0.017651229949189887,0.07654212373962743,221.82703894822833,-178.27478159365228,1392.6157583850286
0.5666666666666667,6,wall_front,0.3591558660396836,0.9282341989464188,0.058934140745329926,0.07690970582569344,649.7716979175125,182.5348259850253,1499.6513225651304
0.8333333333333334,17,wall_front,-0.12074147686710514,0.9902153126680613,-0.018338312259427624,0.06751915746749027,-11.335075092416487,272.1734594823682,1369.3891373192964
0.8333333333333334,10,wall_front,0.06153791835240656,0.9912956975304538,0.006835529837329079,0.11618605851954321,211.8183456840106,-171.88489672062326,1373.5006443720854
0.8333333333333334,6,wall_front,0.353021579367433,0.9306995872833799,0.05437231208758573,0.0788523583015744,637.5876248844515,195.01385331893744,1500.687913578545
1.1,17,wall_front,-0.09849867230297545,0.9727827542428351,-0.20872735837951026,0.020606175438119198,27.93771819027726,257.94843563419556,1347.3191124877367
1.1,10,wall_front,0.07316629407708576,0.993384127727008,0.009529811227106545,0.08799915277462916,239.24776991035878,-186.39486804765215,1378.1593681980878
1.1,6,wall_right,0.91543728805403,0.3965759495632988,0.06812520397230369,0.007813094904256216,689.8317901542727,175.45163542061937,1514.0400719917488
1.3666666666666667,10,wall_front,0.08080836222521855,0.9945811332722634,0.021802951528120732,0.06166854334262087,292.18132995917034,-194.75122698179732,1351.593861395503
1.3666666666666667,17,wall_front,-0.09936101848338996,0.9934540899042741,-0.009149817987971452,0.05561151040208261,85.82756341050523,258.49335565480794,1348.842486919618
1.3666666666666667,6,ground,0.004552776293152626,-0.05918520711804673,0.38540891868030736,0.9208345936638647,742.7772869831549,152.34555113080626,1446.2656005257725
1.6333333333333333,10,wall_front,0.07094543334867699,0.9952874660184049,0.019223457508301126,0.06324606039159761,313.7909975451107,-216.04882163097275,1308.4901854644972
1.6333333333333333,17,wall_front,-0.10881483239725749,0.9933647060411358,0.017751014752936726,0.03272299676688608,97.06816026876645,229.89478449966006,1321.7060740762188
1.9,10,wall_front,0.0592717937892877,0.9965405803433677,0.041226250306870195,0.0411597190896562,334.50190617267305,-221.9386681858187,1295.8805612316153
1.9,17,wall_front,-0.12168848684490621,0.9904258230772428,0.0011318837866635947,0.06517146607417115,103.40919225220942,221.62537994055876,1297.255376292943
2.1666666666666665,10,wall_front,0.06758129540426823,0.9943305713071934,0.02415392888836493,0.07846063468164917,231.62373384730938,-249.7068629138148,1298.3202975061956
2.1666666666666665,17,wall_front,-0.10769052091920911,0.9903690514006696,0.07001246643044806,0.051673477492935695,8.419343589149609,197.9575349292411,1294.4282698070413
2.1666666666666665,6,wall_right,0.9146860151312187,0.3895006337949973,0.10441356845997446,-0.027139578444067166,668.1347524613913,98.90387024247985,1444.3645735486139
2.433333333333333,17,wall_front,-0.07260567147350312,0.9803369899354102,0.11542516876819414,0.14263531487361514,-135.46631101801788,168.6874227157512,1242.173974268542
2.7,17,wall_front,0.0057214681629603,0.9743166792125326,-0.21030675470583016,0.0802828894312158,-332.45822353571845,199.2917704466223,1271.1638459670178
2.7,10,wall_front,0.13313671361384538,0.9747954438431813,0.06497859389232412,0.16681199143483819,-188.71189523674485,-276.3324883986897,1326.1009036621133
2.7,6,wall_front,-0.3081026386227343,0.9248924727775757,-0.01931487882269414,0.22197660536451777,245.95450303715432,0.48490089421785687,1598.1295854684415
2.966666666666667,nan,nan,nan,nan,nan,nan,nan,nan,nan
3.2333333333333334,6,wall_front,-0.2837014386948888,0.8701097316238289,-0.07623857699219061,0.3957401015744608,-285.78115132984107,98.55279262117466,1525.9590675264446
3.5,6,wall_front,-0.2786097669751285,0.8685856535441024,-0.12532281016824257,0.39016631512082606,-472.09254762498887,206.33633732637114,1550.9033773977278
3.7666666666666666,15,wall_front,-0.04185038760313392,0.966104851497018,0.18418003204558922,-0.17597635286332708,607.7612730157426,-173.14632599149184,1466.96108381287
3.7666666666666666,6,wall_front,-0.26710493647819666,0.8410317140309819,-0.166146213364746,0.440131849208443,-581.3266513920621,258.4779796662623,1487.348943622813
4.033333333333333,6,wall_front,-0.26717927542067244,0.8299163547978533,-0.1622200950404195,0.4621024990083971,-688.5865497532926,315.11289902428837,1449.5222697067652
4.033333333333333,15,wall_front,-0.056611503479128716,0.9632877666335442,0.0708557454945105,-0.2526881074732414,491.4330929322304,-147.53023946115727,1515.453740172367
4.3,15,wall_front,-0.04171376452858054,0.9799013142375742,0.10568839030852392,-0.16396139898867085,332.91236824978245,-159.0075919470387,1540.4011436364083
4.566666666666666,15,wall_front,-0.03925017675252852,0.9774309923070026,0.14557269345209006,-0.1479752338188637,195.36938451373652,-187.24052888385148,1554.8594895566134
4.833333333333333,9,wall_front,-0.27359442290007574,0.9349098751154047,0.18413274387776038,-0.13109061675695927,643.2605376676374,185.19250466388087,1470.4552795206691
4.833333333333333,15,wall_front,-0.05694473698522033,0.9747862159142415,0.18391614819865768,-0.11280062333625321,35.22660591939951,-250.91991063494362,1552.4578876146702
5.1,20,wall_front,0.010275662250763856,0.9846518185658709,0.13254590766515614,-0.11307868641548445,64.8220316257681,409.54698029948764,1753.3973894701855
5.1,9,wall_front,-0.32607929343790054,0.9082331606819137,-0.1273939375325384,-0.22925009249449896,557.2582796319176,70.8371822190437,1503.7698290113647
5.1,15,wall_front,-0.05251632311241948,0.9759987568758755,0.1496607440862623,-0.14923177966855491,-64.48120961088489,-350.24710506924833,1510.45709169306
5.366666666666666,20,wall_front,0.015472560855606977,0.9810442629124015,0.17231315510280787,-0.0872979418185103,-13.960228340111465,253.99781222396993,1773.4467121138123
5.366666666666666,9,wall_front,-0.27431579794697564,0.9312203598361727,0.22894930115776257,-0.07184498536902457,482.6792675942346,-75.3713097651988,1508.9578561829464
5.633333333333334,20,wall_front,0.01017445535858514,0.9776707270695665,0.1949272932887411,-0.07784459018163505,-46.64640256030006,140.29052191455057,1755.3198400609704
5.633333333333334,9,wall_front,-0.2735193207016105,0.9263994613330627,0.25237426185565465,-0.0572577610246367,445.505125723416,-179.65222039955415,1489.1770635044213
5.9,20,wall_front,0.010391434875442584,0.9744996721626452,0.20637123289139617,-0.08748326280501748,-81.34913181893641,54.585861283872866,1755.841659955705
5.9,9,ground,0.29080807286465116,0.04036704893640772,0.2678989635403106,0.9176226410954238,412.89355140784323,-255.76476391789694,1472.5058348606194
6.166666666666667,20,wall_front,0.019312300153936313,0.9671967319819981,0.24512782754303228,-0.06379549255347787,-110.04462631708932,-33.32791776237458,1745.9511817671837
6.166666666666667,9,ground,0.2955149901168012,0.0364629279892974,0.2646655993142997,0.9172205111304025,384.85836717684293,-342.5783480454144,1473.8343699847019
6.166666666666667,12,ground,-0.49863297471612755,0.08456704504819325,-0.06980233147516925,0.8598495251718136,227.5875514304272,466.9235426689456,1664.938450741864
6.433333333333334,20,ground,0.25933694919500094,0.06776786010700434,-0.0208649115151452,0.9631804189175631,-127.89687845566658,-135.09388284896315,1737.5513916710559
6.433333333333334,12,ground,-0.4854556280927365,0.0853846822005111,-0.07148658836638778,0.8671401022224374,212.69726253416823,364.71630954016945,1667.114020552884
6.7,20,ground,0.2775477592951462,0.04766907664621643,-0.022355973648054354,0.9592680078498335,-141.20632612509013,-217.92930610081908,1728.6315291158255
6.7,12,ground,-0.4674608676772934,0.08843306308459147,-0.08118333695389035,0.8758248662517523,204.24296788580466,283.28909022552193,1674.9872349560649
6.966666666666667,20,ground,0.3205901388326298,0.03674184542262372,-0.02848353685736534,0.9460764703798051,-155.4226909736975,-316.94336990313536,1694.2006889714637
6.966666666666667,12,ground,-0.4415160002445007,0.09602311463905287,-0.08133998566526328,0.8883844830449754,196.3470170628664,180.7437063126525,1689.140849973047
7.233333333333333,20,ground,0.31906627507951263,0.04169582221299609,-0.01982622825182845,0.946607147231719,-151.18160020620633,-416.61928542625174,1686.4586155412078
7.233333333333333,12,ground,-0.4248453676194218,0.09486596342370276,-0.07317729368244243,0.8973025946052562,197.46802557691106,87.40390252562749,1680.358545008491
7.5,12,ground,-0.40894180296323424,0.10274823059085782,-0.06164269625249039,0.9046599255512264,226.21362252088664,-11.219804695194004,1658.9048331218166
7.5,5,ground,-0.32479456310604465,0.2466714847850867,0.29600964007803243,0.8637360495843323,-339.75846741967905,123.1604951702512,1759.0117079328882
7.766666666666667,19,ground,-0.39241668404830393,-0.0014884483740539348,-0.32713380518972157,0.8596455107217537,-35.39223471023043,237.17964145278853,1362.2481803487049
7.766666666666667,12,ground,-0.3667128187114092,0.11390253121683477,-0.04010758647787847,0.9224637139107699,273.68088447930853,-153.73141341037862,1641.9412621814763
8.033333333333333,19,ground,-0.3562401778455573,0.011006786380245654,-0.3154507906012904,0.8794672165869325,-16.51550404557279,143.0511158772773,1388.9752961057038
8.033333333333333,12,ground,-0.3430315985501173,0.12163760313746307,-0.024428817377720083,0.9310944360163743,306.8184169468778,-254.8975632020325,1617.9700975872315
8.3,19,ground,-0.3371970151448927,0.010620236951731574,-0.30922199012982426,0.8891384281227614,-1.7981172391781521,62.90140757350846,1354.3380926425891
8.3,12,ground,-0.32357121207964185,0.1169416420169028,-0.016346134889179957,0.9388072895700623,326.20007635837396,-338.21916418184463,1559.6280683375896
8.3,5,ground,-0.2528238533190776,0.2430454923439317,0.3486584784806564,0.8691641117923261,-232.68610166573623,-255.63065717755856,1654.946560593297
8.566666666666666,19,ground,-0.34011183575717313,0.019886359076809322,-0.29617360626279926,0.8923058146475581,36.98668052092714,-1.5815296191472534,1329.0883857866381
8.566666666666666,12,ground,-0.3042033683434417,0.12459587010666352,-0.001721539639122668,0.944422159916919,376.29691310939415,-404.15679423775094,1534.2675699818644
8.566666666666666,5,ground,-0.2399819389613083,0.22483391939789077,0.36461572669492254,0.8711565585514967,-186.01576136514544,-339.53656266016094,1653.37735778029
8.833333333333334,13,ground,-0.23380697498281888,0.19843891933015176,0.21607423886714794,0.9269672146534892,-430.92294730103646,263.0980386792449,1259.667311779241
8.833333333333334,19,ground,-0.31632452893150154,0.03673449542634691,-0.28410456393976535,0.9043638460214072,84.44320240825076,-69.02221684255052,1320.9360886067934
8.833333333333334,0,ground,-0.30795900497809164,0.059992248283396755,-0.23968074123729322,0.9187574890463471,-797.1609119747976,-92.2598231021728,1617.61212449834
8.833333333333334,5,ground,-0.209705267197832,0.23246118741567942,0.3821105038833212,0.8694694129621886,-124.43407082710897,-422.64203204297644,1630.9355520623908
9.1,13,wall_front,-0.23386570209274188,0.9279148677451379,-0.2202500365032519,-0.18913157595311364,-407.3860388482459,199.80557537846798,1255.9224151024732
9.1,19,ground,-0.303455617332817,0.04181113087821686,-0.26323045762211716,0.91480940300365,117.10416594665995,-122.71230859170697,1300.9022859557924
9.1,0,ground,-0.29132054844584454,0.06633692754268727,-0.22173386901155553,0.9282057107293485,-761.6128255811747,-180.3847888190455,1606.6554976438103
9.366666666666667,13,wall_front,-0.25505695359330305,0.9229803911504244,-0.21772748206570605,-0.1888064922846696,-377.2574935084677,168.76579431978178,1240.185303539425
9.366666666666667,19,ground,-0.2992372328601466,0.03872049059971257,-0.24654130384642453,0.9209642705206457,155.5607645582424,-130.97656764278975,1280.5643895101016
9.366666666666667,0,ground,-0.29056655717398383,0.06577723243864904,-0.2060901776321939,0.9320790042846695,-712.5254156295271,-228.4054996645781,1590.2868688872895
9.633333333333333,13,ground,-0.2233094236642624,0.19471416958125154,0.28857637745173054,0.9104630513336909,-310.4740005755472,155.23182889656076,1257.0707901137775
9.633333333333333,19,ground,-0.30011204086861293,0.04533195172763978,-0.22399619078855187,0.9261228231668075,240.7319775317759,-121.20663166654316,1263.5724531506069
9.633333333333333,0,ground,-0.30171095104401935,0.07343890514194422,-0.1807929925052205,0.9332154751678057,-611.2749496062149,-260.100841661923,1603.9159781890949
9.9,13,ground,-0.22561295352588862,0.20735184982689112,0.30400085387618014,0.9020462773146647,-248.63612306400466,131.42673893421932,1251.7031142581204
9.9,19,ground,-0.3018567216483287,0.05694723089199562,-0.20588686852198576,0.9291125496190803,305.8135225092309,-131.34634004064569,1234.2840111444732
9.9,0,ground,-0.3012583693943819,0.08167837811510467,-0.15647058206274664,0.937064028958144,-527.5789921845089,-294.5955697396115,1601.2005865582682
10.166666666666666,19,ground,-0.307851837194685,0.0809600951921816,-0.1887668337399718,0.9289993497318046,389.3283972697815,-132.4694806807347,1205.6969665716301
10.166666666666666,0,ground,-0.30345835423174977,0.09714992134143621,-0.14758190565584364,0.9363196575706932,-420.8064953407678,-313.810497754762,1606.9594496572595
10.433333333333334,19,ground,-0.30721793079394616,0.09041896523712453,-0.1742566101640573,0.9311692582652552,485.20480707644606,-140.57792138708484,1167.1538265305294
10.433333333333334,0,ground,-0.29392875774480476,0.11842893618621045,-0.12884218481476145,0.9396702420831242,-300.73455921867316,-345.3143721300134,1615.9196419171117
10.7,0,ground,-0.2984571000827153,0.14377818638265133,-0.10672021672356938,0.937476393235161,-164.83774253986817,-373.7104139061879,1595.9604941488485
10.966666666666667,0,ground,-0.30521153472425655,0.15926221931693046,-0.07428020245543641,0.9359294396976138,-48.7427756673933,-363.33277718465706,1604.2939690185942
11.233333333333333,13,ground,-0.35587343588983317,0.09230545386358595,-0.3112851682111183,0.8763192026121406,218.2872363865747,90.06791744326955,1179.9094666061415
11.233333333333333,0,ground,-0.3010964655851033,0.19354387628587263,-0.045142328577040106,0.9326541998699412,113.92721072651157,-377.06589366575434,1579.0007859003676
11.5,13,ground,-0.35441831244566435,0.12068485557870745,-0.2864604676814041,0.8819088535063391,345.495497825836,112.63812598534126,1168.3561484786512
11.5,0,ground,-0.3126124243691249,0.2126024738598094,-0.011219669573196344,0.9257147396760059,291.54258397471057,-358.7031895055479,1564.866071169719
11.766666666666667,13,ground,-0.36109251169341455,0.1468583876480993,-0.2610766320497122,0.8831103012500313,418.762221316583,110.23436722774015,1126.7964373315679
11.766666666666667,0,ground,-0.3051514468736481,0.24846156471341826,0.007382717927825907,0.9192904550832002,403.449155112164,-365.08149356923286,1540.7619246171057
12.033333333333333,13,ground,-0.37430222877892483,0.17548641018139005,-0.2380879155252157,0.8788722921185058,500.54105372735046,124.31018376431763,1097.9042750917117
12.033333333333333,0,ground,-0.3137511509320656,0.2661047369161839,0.026549048057707046,0.9110673039500443,521.1070938208499,-349.5459530716262,1507.3775125595523
12.3,0,ground,-0.33335268000373497,0.29450624137545195,0.0766866830105709,0.8923347001961024,693.0073887602535,-275.1425698232914,1418.8686427666037
12.566666666666666,nan,nan,nan,nan,nan,nan,nan,nan,nan
12.833333333333334,nan,nan,nan,nan,nan,nan,nan,nan,nan
13.1,nan,nan,nan,nan,nan,nan,nan,nan,nan
13.366666666666667,nan,nan,nan,nan,nan,nan,nan,nan,nan
13.633333333333333,nan,nan,nan,nan,nan,nan,nan,nan,nan
13.9,nan,nan,nan,nan,nan,nan,nan,nan,nan
14.166666666666666,nan,nan,nan,nan,nan,nan,nan,nan,nan
14.433333333333334,nan,nan,nan,nan,nan,nan,nan,nan,nan
14.7,nan,nan,nan,nan,nan,nan,nan,nan,nan
14.966666666666667,nan,nan,nan,nan,nan,nan,nan,nan,nan
15.233333333333333,nan,nan,nan,nan,nan,nan,nan,nan,nan
15.5,nan,nan,nan,nan,nan,nan,nan,nan,nan
15.766666666666667,nan,nan,nan,nan,nan,nan,nan,nan,nan
16.033333333333335,nan,nan,nan,nan,nan,nan,nan,nan,nan
16.3,nan,nan,nan,nan,nan,nan,nan,nan,nan
16.566666666666666,nan,nan,nan,nan,nan,nan,nan,nan,nan
16.833333333333332,nan,nan,nan,nan,nan,nan,nan,nan,nan
17.1,nan,nan,nan,nan,nan,nan,nan,nan,nan
17.366666666666667,nan,nan,nan,nan,nan,nan,nan,nan,nan
17.633333333333333,nan,nan,nan,nan,nan,nan,nan,nan,nan
17.9,nan,nan,nan,nan,nan,nan,nan,nan,nan
18.166666666666668,nan,nan,nan,nan,nan,nan,nan,nan,nan
18.433333333333334,nan,nan,nan,nan,nan,nan,nan,nan,nan
18.7,nan,nan,nan,nan,nan,nan,nan,nan,nan
18.966666666666665,nan,nan,nan,nan,nan,nan,nan,nan,nan
19.233333333333334,nan,nan,nan,nan,nan,nan,nan,nan,nan
19.5,nan,nan,nan,nan,nan,nan,nan,nan,nan
19.766666666666666,nan,nan,nan,nan,nan,nan,nan,nan,nan
20.033333333333335,nan,nan,nan,nan,nan,nan,nan,nan,nan
20.3,nan,nan,nan,nan,nan,nan,nan,nan,nan
20.566666666666666,nan,nan,nan,nan,nan,nan,nan,nan,nan
20.833333333333332,nan,nan,nan,nan,nan,nan,nan,nan,nan
21.1,17,wall_front,-0.02590254555903035,0.9904351819804713,0.0002796943825566245,-0.13552538581360124,502.56990307563063,257.104217916232,1223.5780417890928
21.366666666666667,17,wall_front,0.026520575366495023,0.9889641317926913,-0.001870769130628148,-0.14575014693858274,538.6596721208888,134.94218812744825,1219.140817424666
21.633333333333333,17,wall_front,0.06416173942676719,0.9850358598014518,-0.010615184837770452,-0.15960872140897,583.2323405120698,51.40189453594739,1195.1429928604637
21.9,nan,nan,nan,nan,nan,nan,nan,nan,nan
22.166666666666668,nan,nan,nan,nan,nan,nan,nan,nan,nan
22.433333333333334,nan,nan,nan,nan,nan,nan,nan,nan,nan
22.7,nan,nan,nan,nan,nan,nan,nan,nan,nan
22.966666666666665,nan,nan,nan,nan,nan,nan,nan,nan,nan
23.233333333333334,nan,nan,nan,nan,nan,nan,nan,nan,nan
23.5,nan,nan,nan,nan,nan,nan,nan,nan,nan
23.766666666666666,nan,nan,nan,nan,nan,nan,nan,nan,nan
24.033333333333335,0,ground,-0.4334938853905989,0.2833071446757174,0.11798842670369361,0.8472891149239683,686.9723201148839,82.89450909651687,1574.9961795905904
24.3,nan,nan,nan,nan,nan,nan,nan,nan,nan
24.566666666666666,nan,nan,nan,nan,nan,nan,nan,nan,nan
24.833333333333332,nan,nan,nan,nan,nan,nan,nan,nan,nan
25.1,5,ground,-0.4178969692466241,0.09226453609749664,-0.11936267537523002,0.895880533442081,652.6240257792831,-91.80275558816669,1536.3077246463158
25.1,0,ground,-0.38965048052186485,0.14922465197529725,-0.0070362178680188885,0.9087656452078529,-43.4591698730129,-20.77672495428256,1766.0305774469111
25.366666666666667,19,ground,-0.4080031307301342,0.1086731228644279,-0.07510866937063969,0.9033727278740897,534.3481983412854,269.91622722584486,1226.551315333792
25.366666666666667,5,ground,-0.41225677369182223,0.07120809606104732,-0.14081974525474913,0.8972979209532127,559.368480187847,-78.20346316148026,1603.3405752192543
25.633333333333333,19,ground,-0.4267918140715368,0.07453367507215393,-0.10012045243324147,0.8956949110753776,423.6372459409282,303.5742708920412,1263.2783523142189
25.633333333333333,5,ground,-0.4245663159459693,0.047085694029403775,-0.15337783870766172,0.8910676850695481,417.7800107820528,-33.72924078089769,1648.3898513144325
25.633333333333333,0,ground,-0.4098788085386038,0.09596818753892308,-0.049156444959406326,0.9057445076899012,-308.15760576382235,65.39551672120403,1745.0202570088773
25.9,0,ground,-0.4103786663048894,0.05766459636575259,-0.05884440060256481,0.908185818588641,-438.4800041445832,141.2928515679825,1749.4081175071954
25.9,5,ground,-0.42121322068738554,0.004597469497371753,-0.17192590124767398,0.89050534556091,301.5320943945782,40.6461963245946,1706.0006757172312
26.166666666666668,12,ground,-0.41644923449169535,0.14048218559826978,0.16207782089123457,0.8834962199103985,767.6995552316566,200.10716087923132,1473.4650550148276
26.166666666666668,0,ground,-0.4270570865405691,0.04365160212696916,-0.06948510363216874,0.9004935329253934,-485.95068746979996,220.41596979892316,1732.646560302881
26.166666666666668,5,ground,-0.4357121357833981,-0.008817622007354824,-0.17792485347779072,0.8822810951097796,252.24008217813682,120.1643024444601,1721.5265480180462
26.433333333333334,20,ground,0.32012636991971183,0.25062416226081535,0.11769246267844519,0.906010552257409,613.2638054764302,-340.9167118966109,1567.0839233678616
26.433333333333334,12,ground,-0.4228516953586044,0.13548566291442005,0.1603559696385807,0.8815475267268719,731.8733377650518,256.03789448647746,1505.9620717096852
26.433333333333334,0,ground,-0.439057553384195,0.03107555019328445,-0.07193134188946462,0.8950355618915096,-534.4172316150524,279.32277561313055,1730.976464362287
26.433333333333334,5,ground,-0.4412128690879486,-0.026514828762519878,-0.17820770275764997,0.8791303559112926,206.25986509145298,180.25480203762328,1737.1864037384214
26.7,20,wall_front,-0.12190686528608678,0.9305826082245783,0.2512791267414944,-0.23667176834192347,557.7183961221436,-236.71356301353873,1631.9447615309834
26.7,12,ground,-0.4521893676996112,0.13245105036654697,0.14314472586356758,0.8703396362648712,673.8451820799373,360.58728814571003,1535.3649163914965
26.7,0,ground,-0.46224159764589606,0.019113490317296082,-0.08002296966070285,0.8829290482368005,-602.3596452028872,395.66987204302075,1716.0676963927701
26.7,5,ground,-0.46807562249852397,-0.03736414470994351,-0.19248005446882246,0.8616615118156276,138.36444571301539,296.70339511357884,1744.8349573215216
26.966666666666665,20,wall_front,-0.1176597653817947,0.9298691505033266,0.24864422552503362,-0.24428588101971618,521.5588005442138,-110.21860031108984,1651.8819414950713
26.966666666666665,5,ground,-0.48635486163667246,-0.05602971720251202,-0.18781691521518679,0.8514954055728259,102.85936763519365,420.84926923360143,1755.1827956179275
27.233333333333334,20,wall_front,-0.12852418122566076,0.9470917537365428,0.2168972959246913,-0.198631084840894,470.9910515903283,1.9023037722929452,1720.1671222146033
27.5,20,wall_front,-0.1284895775910553,0.9563946967191788,0.20980784037108005,-0.15741754240466913,350.2142990448746,95.75253782685871,1757.0796400927425
27.766666666666666,20,wall_front,-0.12775915679265082,0.963616662794823,0.19057259500402585,-0.1371226132818025,231.6827141216815,164.68717107179899,1781.173211632749
28.033333333333335,20,wall_front,-0.12311697791119092,0.9704415392144575,0.1709199847165767,-0.1177785529779295,101.37094626608466,263.3388955987487,1782.2927093852472
28.033333333333335,9,wall_front,0.34777316585700047,0.9038741485677659,0.09578845718011497,-0.22997808619898744,641.1405389064688,77.75675373728238,1482.696016665744
28.3,20,wall_front,-0.12602084822384768,0.977009243226942,0.15209847706536592,-0.08023551418453306,-24.27364601423848,330.20288373524374,1790.0554789016983
28.3,9,wall_front,0.35574304855120553,0.9078223939213648,0.13279817688886286,-0.17796075049676352,523.7062375226462,121.50576467514485,1501.0386148631333
28.566666666666666,20,wall_front,-0.10565850479569411,0.9835919878979056,0.14568310474854015,-0.01262991283464128,-212.3067326106248,391.1073642708404,1765.717700572141
28.566666666666666,15,wall_front,-0.1530690080425347,0.9834626204409319,0.0806756488229872,-0.05350320232771081,-151.21041079443762,-389.43823659042545,1550.4913473833406
28.566666666666666,9,wall_front,0.36181617602565963,0.9128911676490215,0.13966708852016824,-0.12732586217605055,355.36237793581626,157.75216543106936,1568.4792838271742
28.833333333333332,18,wall_front,-0.09443392383696078,0.975353165705579,0.1962632709674841,-0.03534352339544547,540.996686734547,-237.64511562623593,1470.5539412926873
28.833333333333332,15,wall_front,-0.13055117564897065,0.9599686484717538,0.1736102287452996,0.17685042539669196,-338.2284153826228,-339.8641241103551,1553.4464280994855
28.833333333333332,9,ground,-0.23795680669034736,0.16019971009425607,0.3668218010314754,0.8849600992832806,185.24209517395175,181.69846717217135,1604.253446068976
28.833333333333332,20,wall_front,-0.08773777688695061,0.9889824175322027,0.11528330262759917,0.030424011148578456,-393.2051477461012,451.27955021648546,1749.3552837829197
29.1,15,wall_front,-0.11940581639208857,0.9911496842140108,0.05538659404523564,0.017230197162939415,-488.78859489976657,-286.8832419269237,1529.0785363342693
29.1,18,wall_front,-0.08362303340276787,0.9830216666335176,0.16310639165029306,-0.00847916366171603,398.36355420252414,-216.1325698916055,1516.7028467414298
29.1,9,wall_front,-0.3578817287180512,0.923244172543164,0.13178738622935066,0.0466149219210282,53.400442582500695,220.93282710569127,1614.5950184175094
29.366666666666667,15,wall_front,-0.11988301675120469,0.9919879720480205,0.037981437536655574,0.012055538533604542,-623.7646805128738,-237.25366623756275,1487.6325567091844
29.366666666666667,18,wall_front,-0.07763300988333965,0.9830715018909836,0.1627809068204089,0.03234059864913774,257.8282609527207,-184.3162639417454,1541.3960374416358
29.366666666666667,9,wall_front,-0.353287018273262,0.925500190924704,0.10956129714886477,0.08144937989317327,-85.59314237635922,263.7180240258619,1615.6914144
29.633333333333333,18,wall_front,-0.07583432234011306,0.9811501467792827,0.1424604778008994,0.10629467199698818,144.47851317362074,-143.4122792691636,1549.4214721688566
29.633333333333333,9,wall_front,-0.348309040310084,0.9269566453724185,0.07982086626782402,0.11428394176976382,-189.36413748741535,310.645432524145,1593.6078677506175
29.9,9,wall_front,-0.3200832885491118,0.9366530507082353,-0.050280266203149494,0.13304001586395905,-291.7032119531789,430.449864953628,1593.5480080864627
29.9,18,wall_front,-0.05263197517781246,0.9818769060946517,0.0915252502224562,0.15738724547622487,21.64316098228328,-53.47436890340325,1548.3440926422252
30.166666666666668,18,wall_front,-0.04020573992196634,0.9820584511484711,0.03855373937841262,0.1801618888253972,-36.24259743772114,31.794766325826924,1557.247598258154
30.433333333333334,18,wall_front,-0.03493289915162713,0.9931075054421714,-0.021255403989423105,0.10984253726374066,17.260125951038166,109.83195513912592,1590.8447964650636
30.7,15,wall_front,-0.05708082263878987,0.9967395118238499,0.01533366071195647,0.054927261948899804,-708.1357785885872,197.14710067120456,1483.620835682425
30.7,18,wall_front,-0.023513345601671218,0.9976876510928677,-0.06353900556980276,0.005410009853339765,170.34660837407225,149.68850440347853,1600.8179665642417
30.966666666666665,15,wall_front,-0.06244566581178769,0.9977569560959999,0.022860434469603313,0.007680880107676894,-572.3449191334994,209.27995113737137,1517.1169608913003
30.966666666666665,18,wall_front,-0.01749334305939568,0.9994062152917743,-0.01733458571031245,0.024097965122182003,305.77627752003343,156.30336296722695,1567.4602330871098
31.233333333333334,18,wall_front,0.003429791865184772,0.9933515891697414,0.03142521552644689,-0.11069468212532765,493.7089290055663,188.45429979538739,1537.8783215712842
31.233333333333334,15,wall_front,-0.06097840834377347,0.9972739550834371,0.04121092974729555,0.005286917576652362,-392.2059257109068,242.64684467677793,1586.3077268415036
31.5,18,wall_front,-0.024523996541138442,0.9995125526257962,0.00949445790178464,-0.016825159918007943,587.8191247953384,142.39557993659702,1483.5897591043142
31.5,15,wall_front,-0.06589539205366048,0.9943714581685628,-0.014612552609068491,-0.08166807082371916,-284.64203848170155,185.17745612295693,1606.6592890097388
31.766666666666666,18,wall_front,-0.03291427094602018,0.9954383873383653,0.025442829450756058,-0.08585878062741387,676.7383748249854,88.64419461589408,1504.6557023277812
31.766666666666666,15,wall_front,-0.07598603856969396,0.995886456331911,0.0447404975998891,-0.02084648439589022,-212.3136614815954,116.07817858530824,1646.0634060582277
32.03333333333333,18,wall_front,-0.04486325516727712,0.9929667780560826,0.06900915257992807,-0.08509995812524562,735.4571594641187,-39.614181188187445,1479.2309542268792
32.03333333333333,9,wall_front,-0.31110712318898154,0.9460111610532861,0.08615455682797173,-0.02919988701117358,441.51678006669215,426.7746086993568,1571.273080342106
32.03333333333333,15,wall_front,-0.08360938137584337,0.9884132510012951,0.012498318924200502,-0.12606549335590927,-147.95912147502347,-41.8796038233177,1626.5816806461385
32.3,18,wall_front,-0.05366461844756575,0.9894378587371417,0.09234679314536422,-0.09800460305671621,696.2124541855304,-195.67485804812793,1495.4429812706742
32.3,15,wall_front,-0.09444054687815023,0.9862308502418436,0.13122491535410927,-0.03478095350781646,-200.6636329534705,-203.21766352019634,1621.6372700124664
32.3,9,wall_front,-0.31311000158690433,0.9361904198678724,0.1448884317537685,-0.06720838487717953,387.61853791380446,269.72247536073945,1617.1517208387295
32.56666666666667,18,wall_front,-0.06718176739310888,0.9849263505841838,0.135768501878158,-0.08350813105692467,640.5410909183818,-277.6846247538594,1507.1049664736884
32.56666666666667,15,wall_front,-0.10056507760693402,0.9781902578306354,0.18078554037261568,0.018629896492674113,-261.1886895542579,-296.10059096679464,1602.701578156895
32.56666666666667,9,wall_front,-0.31006249706544814,0.9335524112452378,0.17496749759866248,-0.0415634232926452,318.29034276159183,177.46006375545704,1631.9295959934934
32.56666666666667,20,wall_front,-0.05346882040957697,0.9858090435362693,0.15567873756988027,-0.03295065393528113,-224.0930869410482,477.62442073120576,1760.0157671196164
32.833333333333336,20,wall_front,-0.04062152094031777,0.9884799946668753,0.14358580791579537,-0.025304306847607365,-301.0422738618523,397.54428968037826,1774.6064646351601
32.833333333333336,18,wall_front,-0.07004480561130672,0.9889237976778976,0.11943949167742207,-0.05345704276367868,563.9644886548016,-361.5105545510376,1516.1535321381182
32.833333333333336,15,wall_front,-0.0922804633896196,0.9834676648803327,0.15579731647644798,0.0016924509329326706,-343.01190431122603,-375.73592639393604,1585.7571833111363
32.833333333333336,9,wall_front,-0.3232202143870328,0.9282374765502514,0.18394028006551877,-0.008357841147137427,243.37659121766103,92.98166305766236,1637.8823680845803
33.1,20,wall_front,-0.031899370595918596,0.9890198835714543,0.14412585437240655,-0.007059614530206955,-411.88398690419046,256.0041955931786,1810.4449006200364
33.1,9,wall_front,-0.32161557280616476,0.9241018855145068,0.20618129682774763,-0.00940219950460037,147.87515690801519,-46.3052992392628,1643.9775700403823
33.36666666666667,20,wall_front,0.024217835341273523,0.935915108448542,-0.25649020744108036,0.24018571921737666,-480.66344688965535,116.1218789010826,1779.3678448360251
33.36666666666667,9,wall_front,-0.31187129667158914,0.9195117335723929,0.236048153474005,0.03893244632163411,75.81461680971572,-182.4078928005225,1636.3048285186346
33.63333333333333,9,wall_front,-0.32561121726100273,0.9453516124375817,-0.0010447086651122752,-0.016928456494245438,2.503525132430296,-374.73707594230393,1630.2280596491803
33.63333333333333,20,wall_front,-0.02268887816339442,0.9735354383281275,0.22361512856712426,0.04135504083973018,-564.5563732773397,-72.90237113182685,1766.6306592665576
33.9,20,ground,0.29628188907874603,-0.09504962143660664,0.018794520287287002,0.950173340857266,-623.8131178346513,-316.61740821369483,1713.38730586968
33.9,5,ground,-0.40598681824892696,0.13952213891811194,0.21228260038875446,0.8778635279654898,-819.4025418324894,329.6392045369677,1645.8776943004639
33.9,12,ground,-0.410580903794105,-0.021292142634175636,-0.13706892857890024,0.9012114485068942,-280.065130801332,191.39794778583195,1795.7513265952437
34.166666666666664,8,ground,-0.3987367879398188,0.028060324627363513,-0.011977612397083122,0.9165577608238928,287.63627720025124,333.2998625568526,1357.270515559875
34.166666666666664,5,ground,-0.36264601365384846,0.140103017823716,0.21729890637219754,0.8953436203308243,-827.8489875446513,194.72951603663986,1687.319905708232
34.166666666666664,12,ground,-0.4038099938554735,-0.018442457722898195,-0.1396544471515383,0.9039325196088366,-264.3022123674573,34.138912358727914,1758.4286720581938
34.43333333333333,8,ground,-0.38067115872800755,0.030192221305798128,-0.006140655614096044,0.9241970520586651,266.3565112863573,241.23349139241654,1362.2179984545644
34.43333333333333,12,ground,-0.37659521412709435,-0.020386060987664673,-0.13951080327280382,0.9155857081585276,-286.7105834577696,-79.38174698751766,1721.5863420181727
34.7,19,ground,-0.31370013194555496,0.15008003222032795,0.2876067060200317,0.8923847790042106,-468.2675918986981,241.74129669904596,1360.8288922436284
34.7,8,ground,-0.3454063323683768,0.0287871720089194,-0.01180776173326228,0.937937279912898,261.9673132574799,163.44283033189086,1359.2693448934194
34.7,12,ground,-0.358025272626925,-0.013784082102442571,-0.1465309479807273,0.9220393617003987,-293.5295916357196,-171.79602367048076,1691.9111617335166
34.96666666666667,19,ground,-0.3021181300151073,0.14381367055338468,0.2995496438817731,0.8934832256558823,-444.12237414401693,171.21285948013232,1395.4820729775831
34.96666666666667,8,ground,-0.3488664987005,0.03700226001663556,-0.004873819346327735,0.9364289854137872,295.55265932168874,93.47800642736573,1347.1444086149631
34.96666666666667,5,ground,-0.3059165457529884,0.13181603637447006,0.22119493401959825,0.9165764565780368,-809.5353971740224,-87.29208253907524,1637.706537960971
34.96666666666667,12,ground,-0.3362191786038194,-0.0022138177044413836,-0.1448303831542088,0.9305782734759873,-256.82617598746185,-257.8716025910139,1698.1456622004716
35.233333333333334,8,ground,-0.29680941495006574,0.05878186094503938,0.014242998658491605,0.9530194127141651,354.7870557977015,-15.796818669333073,1338.8912231178747
35.233333333333334,19,ground,-0.2616278585147581,0.16106518700514738,0.3171050263547394,0.8972476087705883,-383.9708299039481,34.715282286541026,1378.9734184307522
35.233333333333334,5,ground,-0.26811185941417587,0.14379400772969467,0.24466021254813075,0.9206414582118324,-739.9491932256169,-248.2032904495376,1637.876702672843
35.233333333333334,12,ground,-0.3223599417602864,0.026353680137056842,-0.12368604639103961,0.9381318209184102,-176.95068166898486,-398.73959849639624,1638.912042054283
35.5,8,ground,-0.2867454645065375,0.06497269353456812,0.028550721864709406,0.9553745045587082,387.0090084487718,-93.14421829813195,1293.5687380661209
35.5,19,ground,-0.24055854485151637,0.13986963141696582,0.3331350449721615,0.9008824088179318,-349.9144512956121,-59.78732330169615,1386.1475456306075
35.5,5,ground,-0.25210309198131525,0.13850465619208385,0.25964897117814917,0.9218692439780719,-685.8413344231602,-361.4295158102805,1610.5760665819776
35.766666666666666,1,wall_front,-0.31611457611962673,0.9119456525189248,-0.2129200462151525,-0.1519597168208681,178.61879326187704,195.33380746390262,1104.3832158339537
35.766666666666666,8,ground,-0.2562308390468657,0.08631486936172805,0.05884819039681362,0.960953896363102,508.6330356034536,-168.03353714616097,1251.577234250813
35.766666666666666,19,wall_front,-0.3645177969678797,0.8922197039311,-0.2086780701682604,-0.16590430567539402,-219.68032591777853,-175.96797833522513,1365.189818764259
36.03333333333333,1,ground,-0.24381272541961516,0.17457051241708232,0.34567496432501554,0.8891508927942411,294.76382925718326,178.50243302635383,1034.8567531229673
36.03333333333333,7,wall_front,0.3092192949494425,0.912537186648383,-0.26762903395581134,0.005831877802492346,-134.946305878705,256.7670149105727,1150.170599629891
36.03333333333333,13,wall_front,-0.16449267286176772,0.9523019161482656,-0.2181963752397019,-0.1358438916822848,-532.0835331436347,189.6091567274957,1311.9680727727664
36.3,13,wall_front,-0.1899317028890745,0.9444088265994061,-0.20191668378898708,-0.17676982006679665,-425.9582193464505,122.62733890474746,1309.4625879177672
36.3,1,wall_front,-0.3700532352608471,0.8854010892482108,-0.1923359364510392,-0.205261788408276,381.27769982383995,157.7123557111148,1027.0180514185192
36.3,7,wall_front,0.28286081233631977,0.9197426439274515,-0.26849881561016825,-0.04440288055650715,-50.08918786902912,211.7006100917534,1145.3469925518314
36.3,19,wall_front,-0.41803276557325686,0.8649402461208807,-0.1655573422891595,-0.22297476081762044,64.3539953960247,-248.43570328656267,1350.9407825541196
36.3,0,wall_front,0.26968197244504905,0.9200835033708558,-0.2764666082459784,-0.06545376297758003,-821.8266980589507,-235.16698143208606,1624.0689274779381
36.56666666666667,7,wall_front,0.2521849338190679,0.9233630432938494,-0.28075278003419235,-0.07057850902977258,62.15023853358131,180.05553667197591,1131.1069649626736
36.56666666666667,19,wall_front,-0.43869189656632834,0.850065009146261,-0.14856494342873205,-0.25073363894025646,205.7084095385281,-279.5154166997327,1308.5145147840178
36.56666666666667,13,wall_front,-0.218724945876045,0.9369892177322101,-0.20301557666971676,-0.18164602812768751,-298.90009577279034,74.63467126812267,1341.2683536460859
36.56666666666667,0,wall_front,0.24226714587891016,0.9227919126080313,-0.2865803356501642,-0.08736948707379275,-655.5850862480075,-307.8813580432518,1664.4945180452216
36.833333333333336,7,wall_front,0.22465783354517474,0.9249383203926989,-0.27792921901893464,-0.12951181610743795,225.79995004595122,169.71153567544147,1111.0062475238374
36.833333333333336,19,wall_front,-0.46626840748999154,0.8191328982647443,-0.12781727925133723,-0.30867103894264664,401.74560550157867,-283.304810869782,1255.2571001908018
36.833333333333336,13,wall_front,-0.24114608841997784,0.9177510138944969,-0.1827899906197029,-0.2572342509554592,-100.18904304402348,51.80822769615536,1359.9362606019706
36.833333333333336,0,wall_front,0.2143298847694404,0.920897705425325,-0.2917565133592799,-0.1445276912896839,-404.19291088794074,-341.8542217577885,1719.8019894274871
37.1,7,wall_front,0.2092318929270754,0.9289417983188988,-0.2612880772437836,-0.15816981699568924,324.90699707904065,139.34244662743677,1090.8138361618808
37.1,13,wall_front,-0.2641495019119705,0.9044886490972078,-0.15913258965713997,-0.29462203448312924,18.611244224334044,6.08105578413607,1343.5447945361288
37.1,0,wall_front,0.1903466748233985,0.9232560695026959,-0.27839068740049777,-0.18402445130684944,-248.93577641773,-406.17905784310847,1726.160423355161
37.36666666666667,7,wall_front,0.17677190817162405,0.9224773301970628,-0.2768589639282217,-0.202821058685862,428.75552062578384,120.71923779191278,1029.0971357716544
37.36666666666667,13,wall_front,-0.2804376885184222,0.8955505738113072,-0.13313093297372636,-0.3187789630609713,158.3416764916577,-22.961433707291906,1334.2440691997758
37.36666666666667,0,wall_front,0.16500348597061826,0.9186152026925177,-0.2796551168313275,-0.22519541431784373,-64.77460943602463,-448.6078409935584,1714.4324887752314
37.63333333333333,13,wall_front,-0.3007570898526788,0.8786354984785103,-0.132137062630869,-0.34653229343894243,299.6700626063696,-45.443627313235034,1285.9244830910566
37.9,13,wall_front,-0.3183809582357251,0.8611110317260132,-0.11932386145889995,-0.37799890550000265,383.17814008614005,-33.472418220239156,1245.781372626881
38.166666666666664,nan,nan,nan,nan,nan,nan,nan,nan,nan
38.43333333333333,nan,nan,nan,nan,nan,nan,nan,nan,nan
38.7,nan,nan,nan,nan,nan,nan,nan,nan,nan
38.96666666666667,nan,nan,nan,nan,nan,nan,nan,nan,nan
39.233333333333334,nan,nan,nan,nan,nan,nan,nan,nan,nan
39.5,nan,nan,nan,nan,nan,nan,nan,nan,nan
39.766666666666666,nan,nan,nan,nan,nan,nan,nan,nan,nan
40.03333333333333,nan,nan,nan,nan,nan,nan,nan,nan,nan
40.3,nan,nan,nan,nan,nan,nan,nan,nan,nan
40.56666666666667,nan,nan,nan,nan,nan,nan,nan,nan,nan
40.833333333333336,nan,nan,nan,nan,nan,nan,nan,nan,nan
41.1,nan,nan,nan,nan,nan,nan,nan,nan,nan
41.36666666666667,nan,nan,nan,nan,nan,nan,nan,nan,nan
41.63333333333333,nan,nan,nan,nan,nan,nan,nan,nan,nan
41.9,nan,nan,nan,nan,nan,nan,nan,nan,nan
42.166666666666664,nan,nan,nan,nan,nan,nan,nan,nan,nan
42.43333333333333,nan,nan,nan,nan,nan,nan,nan,nan,nan
42.7,nan,nan,nan,nan,nan,nan,nan,nan,nan
42.96666666666667,nan,nan,nan,nan,nan,nan,nan,nan,nan
43.233333333333334,nan,nan,nan,nan,nan,nan,nan,nan,nan
43.5,nan,nan,nan,nan,nan,nan,nan,nan,nan
43.766666666666666,nan,nan,nan,nan,nan,nan,nan,nan,nan
44.03333333333333,nan,nan,nan,nan,nan,nan,nan,nan,nan
44.3,nan,nan,nan,nan,nan,nan,nan,nan,nan
44.56666666666667,nan,nan,nan,nan,nan,nan,nan,nan,nan
44.833333333333336,nan,nan,nan,nan,nan,nan,nan,nan,nan
45.1,nan,nan,nan,nan,nan,nan,nan,nan,nan
45.36666666666667,nan,nan,nan,nan,nan,nan,nan,nan,nan
45.63333333333333,nan,nan,nan,nan,nan,nan,nan,nan,nan
45.9,nan,nan,nan,nan,nan,nan,nan,nan,nan
46.166666666666664,nan,nan,nan,nan,nan,nan,nan,nan,nan
46.43333333333333,nan,nan,nan,nan,nan,nan,nan,nan,nan
46.7,nan,nan,nan,nan,nan,nan,nan,nan,nan
46.96666666666667,nan,nan,nan,nan,nan,nan,nan,nan,nan
47.233333333333334,nan,nan,nan,nan,nan,nan,nan,nan,nan
47.5,nan,nan,nan,nan,nan,nan,nan,nan,nan
47.766666666666666,nan,nan,nan,nan,nan,nan,nan,nan,nan
48.03333333333333,10,wall_front,0.11465839083824003,0.9918244065783729,-0.01453036953531963,-0.05409869025226979,408.3038098139274,-92.91639637035544,1353.1267052838707
48.3,10,wall_front,0.1163357323699679,0.9921454947514572,-0.02151681524409084,0.04062439267338247,216.18556714503305,-91.52290944001656,1398.3095661943707
48.3,6,wall_front,-0.3414495168845906,0.9373073695110579,-0.011972372243207794,0.06872979544863435,688.631000518273,224.93902045425781,1486.8500367814706
48.56666666666667,17,wall_front,-0.060930672570250935,0.9926759070247316,-0.019159165483256926,0.10254229922694583,-68.20756811134859,362.5932506081481,1348.5279926327953
48.56666666666667,10,wall_front,0.12154427082405907,0.9856068647755708,-0.018027348302517048,0.11610819544845796,100.78012510040942,-103.7386125743696,1400.416165987054
48.56666666666667,6,wall_front,-0.3383116806549372,0.9351595439849767,-0.04367838843737325,0.09546744162150894,568.7019623192792,210.2004995556454,1540.9432494890723
48.833333333333336,17,wall_front,-0.05442309536018984,0.9902834256604756,-0.025940453073984116,0.12531542781272206,-155.5638097207451,343.68270117863113,1349.5558984434329
48.833333333333336,10,wall_front,0.1228303577098952,0.9803915986591312,0.004442566311602145,0.15403012727391807,5.0087138969213125,-124.67915600679761,1395.1049570591101
48.833333333333336,6,wall_front,-0.3330873913395664,0.9312579816939409,-0.04719860494153925,0.1399416055128091,459.08670051062586,183.93818105205892,1550.8368589259778
49.1,17,wall_front,-0.04805480828662172,0.989533337487388,-0.03834455415612698,0.13055345483048303,-193.09998370272245,329.0152053236957,1367.8265426758476
49.1,10,wall_front,0.12806369729985506,0.9804834905398588,0.0036492831381857863,0.14912577558974516,-38.08681360137758,-144.43953661238808,1404.9276706901105
49.1,6,wall_front,-0.32747342069427676,0.9289008787565916,-0.04096967874995497,0.16800536184046888,411.99632577436813,159.04855775315625,1550.6258035734236
49.36666666666667,17,wall_front,-0.04835470250119448,0.990482170230429,-0.006470009840740528,0.1287052142467484,-208.27137641706176,288.6115135200693,1366.7040492114184
49.36666666666667,10,wall_front,0.1309647868141336,0.9829749880638352,0.021331060481239547,0.12709596104667256,-52.57540541720463,-184.49393743937546,1421.0509546662004
49.36666666666667,6,wall_front,-0.3292144187403539,0.9312982428984657,-0.04503617107609336,0.1492420602996559,403.5226918422071,112.02676821792164,1590.129973635408
49.63333333333333,17,wall_front,-0.049663670363881224,0.9795146305929057,-0.009843455353181351,0.1949043731862917,-289.168908868105,287.15729020999174,1346.3710220019116
49.63333333333333,10,wall_front,0.12701316370563037,0.9779128418562288,0.037793800298206365,0.16163464553486162,-139.37773922144717,-187.53224383472136,1413.2668301526621
49.63333333333333,6,wall_front,-0.3122956915738853,0.9275894481283283,-0.03996070698442666,0.20112771724125156,300.0949823392917,109.23643604419408,1596.2252161190443
49.9,17,wall_front,-0.0340841660292978,0.9744577788371751,0.0033627139032186494,0.22194368439992043,-436.42520466223993,249.57269864330547,1326.7669783807191
49.9,10,wall_front,0.13634727602321042,0.9702138955819761,0.038966564878631434,0.1964078001563489,-302.99202240317624,-230.64278796643302,1400.683660541221
49.9,11,wall_front,-0.2900340293476877,0.9238865516488861,-0.057017329395381226,0.24302865191432332,60.75008969161062,446.8783537524677,1629.8725149177094
49.9,6,wall_front,-0.3136361455172809,0.9217480124614862,-0.07113855187874603,0.21668473916027883,125.3287412135712,55.11568185480222,1652.7901079613453
50.166666666666664,17,wall_front,-0.03142024952319178,0.9622997315463042,0.02444183592122829,0.2690624300094889,-563.1804394179107,205.62061953668442,1296.7010003879557
50.166666666666664,10,wall_front,0.139137268683688,0.9532669054311275,0.09239706535630678,0.2517653863948486,-437.1663321843991,-280.1382249204069,1370.406022117614
50.166666666666664,11,wall_front,-0.28700881724786553,0.9098155115235227,-0.04867378048695644,0.29579137395515726,-90.47651847920494,382.94184520271864,1627.1380446821615
50.166666666666664,6,wall_front,-0.30289675559854295,0.9120483779032695,-0.0405894442270937,0.27344800022897775,-32.01197072879712,-6.592872196534633,1648.1977729092107
50.43333333333333,10,wall_front,0.15631412303458475,0.9428592923161733,0.09111678963039999,0.2797855973427208,-564.5995485526196,-313.8684721472731,1338.2999118176099
50.43333333333333,6,wall_front,-0.28056708241685463,0.9055007613420272,-0.06249185060676691,0.3121622207776664,-169.81474862745463,-60.83020145716474,1639.461361966788
50.43333333333333,11,wall_front,-0.26702573916705724,0.9111438498881345,-0.06295844133173369,0.3074904455400105,-221.146963449117,334.9083610070179,1654.9864977250334
50.7,11,wall_front,-0.23683759525594306,0.8941617202290513,-0.0675173801792856,0.37393070872038825,-362.85182608598296,226.17762466039628,1634.7925339649269
50.96666666666667,6,wall_front,-0.20255338755159358,0.898249084849344,-0.029913554748330438,0.3888777262855366,-405.0865554049377,-244.55095612943637,1568.649137962743
50.96666666666667,11,wall_front,-0.18289125431676506,0.9034629473423303,-0.04683189279723085,0.3848535639577457,-402.5333032805082,147.9837934943632,1623.1005619091668
51.233333333333334,20,wall_front,-0.030969326860968403,0.9038256059623188,0.2671048246040699,-0.33285911054657175,801.7290024745761,-104.84559076779671,1603.537712366773
51.233333333333334,11,wall_front,-0.15181209247504962,0.8923042144317417,-0.045590044255520254,0.42269117018276964,-538.8789558943078,38.83756974179542,1601.0347491040332
51.5,20,wall_front,-0.0359520966136664,0.9117076266442217,0.2850978429005439,-0.29362539100237733,741.78329158828,-192.2085834449176,1606.7749411534844
51.5,11,wall_front,-0.1292807159220555,0.8756019566652847,-0.01603914953480879,0.46513487899404576,-574.3743914903025,-30.52679092905116,1534.6927943247817
51.5,5,ground,-0.5043292864994485,0.026494371022612834,-0.20332892585753662,0.8388130703516092,404.32553058693486,378.28134937831317,1739.147068501224
51.766666666666666,20,ground,0.3057652285641897,0.2809007343682131,0.04147689215185432,0.9087805399819645,719.2338959572741,-271.68709988933836,1605.6552575991682
51.766666666666666,11,wall_front,-0.1209945503673119,0.8727828199764011,0.0037346417408683965,0.4728599373879336,-603.4184704588387,-93.34908597577973,1537.2972798990816
51.766666666666666,5,ground,-0.493713439996891,0.03284457795636723,-0.20299761522065024,0.8449616802435679,382.1169543655572,294.70719074974704,1747.729806830056
51.766666666666666,0,ground,-0.47759128361255276,0.09427038305548009,-0.09412420408088595,0.868424029436097,-342.0467713712854,482.5772999253243,1833.5280363417762
52.03333333333333,20,ground,0.32408659650599636,0.2764945104519923,0.04691984640863625,0.9035027347319224,703.1274250035036,-311.92328861490097,1589.7800591095347
52.03333333333333,11,wall_front,-0.1173531790933125,0.8733308503829688,0.011789267162101082,0.4726335475882286,-613.4077723823181,-145.5711292182139,1522.5130826768273
52.03333333333333,5,ground,-0.48184788206809304,0.026278802395779368,-0.20032104756194044,0.8526450146425671,362.89531043971203,245.26093861561023,1742.7760987711085
52.03333333333333,0,ground,-0.475285029507869,0.07725638476488099,-0.09789140337678542,0.8709494043190387,-357.6559257895168,422.03211298861686,1823.4391556348774
52.3,11,wall_front,-0.11136601015755994,0.8743564863954344,0.01948264843063236,0.47193089842681973,-623.0158398751104,-177.5599984564304,1530.5430326944468
52.3,20,ground,0.3275412859415253,0.277442436383622,0.04584881415740223,0.9020201143753125,698.6082885440547,-346.1821322142373,1592.95408361429
52.3,5,ground,-0.4701438549673216,0.027082461504721184,-0.2044742716965719,0.858150084850819,363.73112397242676,212.39613044057285,1772.4629246268125
52.3,0,ground,-0.4657372245968709,0.08612053011534132,-0.09264139110338629,0.875836551287902,-364.1525127978931,388.3112749554115,1849.9626182029403
52.56666666666667,11,wall_front,-0.1015629616702288,0.8654455062745018,0.03985478617171454,0.4889791779874169,-656.635510914688,-253.86888875379836,1506.6662234309208
52.56666666666667,5,ground,-0.4532185898577091,0.02151072485337298,-0.2103193613834222,0.8659653369222937,325.11410310119214,115.19561593478794,1775.599179845973
52.56666666666667,0,ground,-0.4522772768442166,0.06899325387722696,-0.09816314051032138,0.8837698759377145,-403.19106328879764,292.64158479366836,1844.1508099569785
52.833333333333336,19,ground,-0.4282377904445457,0.044896288189195235,-0.16070553587084166,0.888127495848694,323.57010074685104,306.45494399320256,1381.2876562016788
52.833333333333336,12,ground,-0.3885110068535557,0.15565243709694904,0.11180763324015548,0.9012938308502126,773.7124657637839,19.068576823941054,1558.8099336375253
52.833333333333336,0,ground,-0.419886433517042,0.054932170490271444,-0.11689463211252445,0.8983392925709328,-491.98535738146285,183.06895869179434,1837.052384598506
52.833333333333336,5,ground,-0.42056558345467493,0.00956907458248646,-0.2294038419382925,0.8777282609834406,242.57059556595215,-7.38583478039179,1804.8703935335648
53.1,19,ground,-0.4220403466393632,0.05661240236287432,-0.17467583801273395,0.8877867611773558,314.3051363637241,254.7972017588952,1380.126225508622
53.1,12,ground,-0.3794932412098046,0.16007412309841354,0.10647804086351044,0.9049992164660805,755.6779201859008,-41.26424286626804,1553.7062708103908
53.1,0,ground,-0.417115310898214,0.05333540049415805,-0.12341690486881923,0.8988539481256201,-498.38687501783113,130.136786254525,1815.7166578752453
53.1,5,ground,-0.4188457612327771,0.019272733592767526,-0.23337099050764226,0.8773452973753719,224.11612625852607,-66.36890107888887,1780.43696090191
53.36666666666667,19,ground,-0.39507452766222806,0.0520321373347827,-0.17457176229649243,0.9004073933978656,323.7093440211578,205.96361829873754,1395.7128648901041
53.36666666666667,12,ground,-0.36692633883686704,0.16445478134745506,0.11060940687236705,0.9088923180834332,757.908717419164,-96.36345705491351,1535.9128537388856
53.36666666666667,0,ground,-0.39743728414175356,0.06437802107935063,-0.12888814586850664,0.9062488187195129,-490.7074581495612,63.61388806075222,1803.9183056016336
53.36666666666667,5,ground,-0.39600465007609587,0.021311375991176856,-0.23763328339468354,0.8867110944352357,231.85447487869735,-130.33224653029046,1778.6312710512625
53.63333333333333,19,ground,-0.386801606322932,0.05040711469833596,-0.17375484187983298,0.9042416132080533,329.83258336913974,148.33007630340762,1369.504086119978
53.63333333333333,12,ground,-0.3501262479092684,0.16412400548856435,0.11484821693182139,0.9150326816103066,769.2672359868359,-157.93844663392105,1519.3848304866603
53.63333333333333,5,ground,-0.39637489744065124,0.03049570803768641,-0.23377442268484758,0.8873029199594463,240.8650956895247,-195.83005768879949,1736.9684198119094
53.63333333333333,0,ground,-0.37903787047505,0.07065489292054405,-0.12434024585263692,0.9142634642779025,-478.4960597784472,-2.002832898491033,1802.649558620136
53.9,19,ground,-0.38470318140495036,0.05823525709710127,-0.17397724371900797,0.9046236984048569,357.3964799948504,118.43586598596107,1371.649135784779
53.9,12,ground,-0.343214407016838,0.170955900990759,0.1125630306812039,0.9166828867478548,795.3818998298005,-190.05359195684633,1506.7281127888114
53.9,5,ground,-0.3906026776814309,0.039915011054463774,-0.23672404138627506,0.8887058390211957,268.294082036655,-229.82433947910795,1734.5001940699922
53.9,0,ground,-0.3689776859405226,0.08503930224461903,-0.12002841161932305,0.9177237954612858,-451.59337919234406,-32.09017890456323,1817.3788216566074
54.166666666666664,19,ground,-0.37931565343428153,0.07216263953517635,-0.16521312323105244,0.9075333671151059,413.44261684500475,73.93827414040561,1355.0522446779091
54.166666666666664,5,ground,-0.3858318502743796,0.05205040683189859,-0.2286303047722905,0.8922739053688684,335.8106883870989,-282.5583859510021,1709.1730365392712
54.166666666666664,0,ground,-0.36613674469759605,0.09727328616925218,-0.11173840055077566,0.9186927243765658,-382.3670588779368,-91.5596234795414,1824.3338663266
54.43333333333333,19,ground,-0.3676041817424608,0.08829643577147736,-0.1409265741899439,0.9149921342189754,497.02426120289357,38.1709937003653,1308.1034132504228
54.43333333333333,5,ground,-0.3797350987156829,0.07039738820865993,-0.20918439337823577,0.8983804050087966,446.4590947695866,-328.7354040681851,1654.3593057145554
54.43333333333333,0,ground,-0.36025303673763814,0.1203798874711237,-0.08856251086286394,0.9208056873648288,-263.4140537352324,-157.66680730075325,1819.6583406342208
54.7,19,ground,-0.37146470755611327,0.11109662409203487,-0.11883347361079229,0.9140843050316516,571.1885903770344,27.77492626569535,1275.6835052415315
54.7,5,ground,-0.38080702225754126,0.091180256482235,-0.184506294209841,0.9014597051583226,548.5100103750652,-344.82283111204606,1628.012452675931
54.7,0,ground,-0.355484068779229,0.14272195427984719,-0.06912241157408983,0.921131702216837,-158.9986778249275,-191.3144401034438,1823.4762423293646
54.96666666666667,13,ground,-0.392129798950925,0.05088450159950343,-0.3111393610675316,0.8641974810575216,83.5012459448642,224.7550950124997,1367.9475005466497
54.96666666666667,5,ground,-0.3817997555964117,0.10699908218050497,-0.15860303279850935,0.9042263107354069,664.7509747023364,-325.1283403075587,1586.4843116862583
