timestamp,tag_id,qx,qy,qz,qw,x,y,z
0.03333333333333333,9,0.33110314546326136,0.928525284939153,0.15827915756108582,0.05620685522916263,-15.380962053714082,23.5443131033702,89.75483413214188
0.03333333333333333,18,-0.14007144000438032,0.9781689566103009,0.11204624623150254,0.1049338969277519,-2.0578304509379772,-0.4531638502238102,-34.87841034617038
0.3,15,-0.1733050403730778,0.9825375487389348,-0.020289767264100887,0.06460382065899713,-18.989714552329392,-1.9191954090947883,40.05309922210668
0.3,18,-0.1333152573805218,0.9838902366910605,0.03348783314397553,0.11430489632949027,-6.329824119923058,-2.737536742243496,-60.35871205729999
0.5666666666666667,15,-0.1693935628271603,0.9822780535493045,-0.02262592052115728,0.07696566837675628,-20.18607595791139,-0.7224735407861473,43.460035836043
0.5666666666666667,18,-0.13020846799445873,0.9838715937546602,0.030128996213417487,0.11888938326180684,-7.38757546272318,-4.623350536870857,-66.14215857823814
0.8333333333333334,15,-0.16643932314540869,0.9820160347753413,-0.024757312806936303,0.0856127012632682,-21.78771080207413,0.12152478915988445,46.36718399182591
0.8333333333333334,18,-0.12843766668856532,0.9851947029575182,0.019966064126076655,0.11178783173207134,-6.388843923950285,-5.142879281825364,-60.22867539157906
1.1,15,-0.1797655759161946,0.9748134983097704,0.03136076022652506,0.12821655098543489,-31.5938203468874,-2.0848087740504613,73.50610762420254
1.1,18,-0.1271148756169986,0.9627166107687154,-0.1216616363916209,-0.20546771517050003,-3.5307562828913617,-0.8894026118492107,-17.032735166021972
1.3666666666666667,15,-0.17788786157453954,0.979502260456664,0.026469288875263675,0.09072269402503917,-19.558033928119933,-2.9324472878909886,52.40577562312103
1.3666666666666667,18,-0.13148248618171607,0.9867478084261294,0.04294586651409275,0.08483378420805707,-10.376459737437683,-2.3336056964959258,-54.878813268890724
1.6333333333333333,15,-0.18645516184080008,0.9814001718021009,0.006781036853245185,0.045190628994548204,-8.505019523498465,-0.5185914180850493,24.982533684057035
1.6333333333333333,18,-0.1495900410139632,0.9862212212198472,-0.0032362839975096924,0.07056946160317101,-9.96227364029806,-3.852920802136222,-45.837804735373155
1.9,15,-0.1925291209753637,0.9756673038235444,0.006318560276420851,0.10471831560038879,-12.693767385981214,-0.19440618851220218,39.49842035113776
1.9,18,-0.14822314849433543,0.951602950206239,-0.08826260065839452,-0.2543451134467209,-3.42973421859072,-1.127269442377881,-9.603571082028296
2.1666666666666665,15,-0.22766322475318287,0.9599426292334287,0.09875677585623498,0.13010266675927612,-40.43345554787848,-5.703096575247627,96.76746658514226
2.1666666666666665,18,-0.16606477358168295,0.9799716416594028,0.029344735506405435,0.10591014595731019,-9.097589626073228,-4.7026288804220915,-66.00143852049605
2.433333333333333,nan,nan,nan,nan,nan,nan,nan,nan
2.7,nan,nan,nan,nan,nan,nan,nan,nan
2.966666666666667,nan,nan,nan,nan,nan,nan,nan,nan
3.2333333333333334,nan,nan,nan,nan,nan,nan,nan,nan
3.5,nan,nan,nan,nan,nan,nan,nan,nan
3.7666666666666666,nan,nan,nan,nan,nan,nan,nan,nan
4.033333333333333,nan,nan,nan,nan,nan,nan,nan,nan
4.3,nan,nan,nan,nan,nan,nan,nan,nan
4.566666666666666,nan,nan,nan,nan,nan,nan,nan,nan
4.833333333333333,nan,nan,nan,nan,nan,nan,nan,nan
5.1,nan,nan,nan,nan,nan,nan,nan,nan
5.366666666666666,nan,nan,nan,nan,nan,nan,nan,nan
5.633333333333334,nan,nan,nan,nan,nan,nan,nan,nan
5.9,nan,nan,nan,nan,nan,nan,nan,nan
6.166666666666667,nan,nan,nan,nan,nan,nan,nan,nan
6.433333333333334,nan,nan,nan,nan,nan,nan,nan,nan
6.7,nan,nan,nan,nan,nan,nan,nan,nan
6.966666666666667,nan,nan,nan,nan,nan,nan,nan,nan
7.233333333333333,nan,nan,nan,nan,nan,nan,nan,nan
7.5,nan,nan,nan,nan,nan,nan,nan,nan
7.766666666666667,nan,nan,nan,nan,nan,nan,nan,nan
8.033333333333333,nan,nan,nan,nan,nan,nan,nan,nan
8.3,nan,nan,nan,nan,nan,nan,nan,nan
8.566666666666666,nan,nan,nan,nan,nan,nan,nan,nan
8.833333333333334,nan,nan,nan,nan,nan,nan,nan,nan
9.1,nan,nan,nan,nan,nan,nan,nan,nan
9.366666666666667,nan,nan,nan,nan,nan,nan,nan,nan
9.633333333333333,nan,nan,nan,nan,nan,nan,nan,nan
9.9,nan,nan,nan,nan,nan,nan,nan,nan
10.166666666666666,nan,nan,nan,nan,nan,nan,nan,nan
10.433333333333334,nan,nan,nan,nan,nan,nan,nan,nan
10.7,nan,nan,nan,nan,nan,nan,nan,nan
10.966666666666667,nan,nan,nan,nan,nan,nan,nan,nan
11.233333333333333,nan,nan,nan,nan,nan,nan,nan,nan
11.5,8,0.8192572108451194,-0.5534294681470764,-0.12988625482089056,-0.07525295391758785,46.86454653508227,-22.63250004271773,-114.53825555705389
11.766666666666667,8,0.8168557734741874,-0.5553188556690924,-0.14785363877777233,-0.05006910604783007,34.79933253846853,-22.027153427178394,-103.69838596607227
12.033333333333333,8,0.8073980470747255,-0.5617110756849518,-0.17982916318829248,0.015828237418367874,17.015817926872717,-16.474220283845717,-66.45207183023959
12.3,12,0.4636706804787142,0.7809439799078344,0.307786322006113,-0.28355525087021005,168.87212836953054,51.82626610533294,-436.32168479960404
12.566666666666666,12,0.4663414535404272,0.7636166945996461,0.3093542245643364,-0.32204837553186105,130.811970824313,52.54429247953718,-465.33530355025266
12.833333333333334,12,0.4774157574996338,0.7665580180847217,0.25023846008989625,-0.34906118731951835,90.77377283730499,39.76012833341013,-425.6856640435172
13.1,19,-0.6544572756590193,0.7060202608064956,0.15211279176853038,0.223791787713683,60.168610592159524,-11.390221788250004,-144.01499858412149
13.1,5,0.7662414333344522,0.4740872663687094,0.046616102624054544,0.4312102372216508,104.68904616650487,48.47465780867364,-225.97948338007836
13.1,12,0.49372775335194263,0.7570946235693832,0.21388959835899665,-0.37052918406814395,42.25329793024811,21.388592943919313,-430.8695989545111
13.366666666666667,19,-0.6631817993247376,0.7015278275258423,0.17550637192346533,0.19299254303091026,46.34759152996996,-13.426891312369484,-140.4459598545368
13.366666666666667,5,0.7418062804443256,0.5114880027722857,0.02145835259359409,0.43317779769667547,84.18620402628746,44.132605089231184,-232.39752694839336
13.366666666666667,12,0.4965460022475083,0.7512732393730186,0.16684309408812426,-0.40148968779918875,8.467460871230246,9.202646806016014,-423.07365544073065
13.633333333333333,19,-0.6610800863734492,0.7137905429468397,0.2006365838835478,0.11498322228772738,19.123882601322304,-10.302331446660277,-88.43293281323155
13.633333333333333,5,0.7291219767513597,0.5406803197473258,-0.007202799839754984,0.41951645322989134,43.27244446469939,29.437379012969274,-191.05643003160628
13.633333333333333,12,0.49052230682981834,0.7437840162459632,0.1085227911014756,-0.4409036260804894,-38.088007753115434,-6.625003526911851,-423.1615451237914
13.9,19,-0.666368483686077,0.7157877048122464,0.20667688828222913,0.029760198915834472,5.699844839007077,-9.004014969747447,-48.35437040581293
13.9,5,0.6585270960085076,0.6094849733045038,0.17568565943478845,-0.40497491305952976,20.990039085983092,15.094291251665785,-178.02331530294774
13.9,12,0.5052790997546293,0.7258978574094022,0.040412179526228095,-0.46490019112227815,-86.00493167714522,-45.65897030262584,-431.08642590306897
14.166666666666666,19,0.658442438346318,-0.6319101641103518,0.389053958840882,0.1256189356300274,-1.5633093753835678,-9.934326118925714,-36.21041140273431
14.166666666666666,20,-0.33204829297937044,0.8415133603715285,0.36614257072882506,-0.2180339729165886,2.785454939076663,-2.51575139479684,3.9042280675624754
14.166666666666666,0,-0.7403966819738884,0.39367797855218367,0.16424654909654923,0.5194742280758481,215.24192317946856,96.689670784143,-454.3491035645874
14.166666666666666,12,-0.4949277254204854,-0.7098669417253908,0.006443771717623521,0.5010927553473474,-144.57465512599197,-65.31587205831093,-447.7099271259507
14.433333333333334,13,0.9666795611017917,-0.05690676681418038,0.10203624153969612,-0.2277736847207262,-57.70647197652336,27.613129666208632,160.92245057203846
14.433333333333334,12,-0.4850686150139749,-0.6857839018904635,0.05332731514860175,0.5399676620829781,-235.8927416875048,-115.31099690638474,-491.15622315965214
14.433333333333334,0,0.754812983892933,-0.41293926335979414,-0.2315353738401755,-0.45401530236678966,124.73804824916854,75.10238496061595,-433.39738826587205
14.7,5,0.6788159299768804,0.571919527671945,-0.04028255010359399,-0.4587965815416174,-32.46421855886375,-12.58367452306001,-139.0154803146304
14.7,0,0.7695953553216223,-0.4668863884603678,-0.24087631834772472,-0.3629306939307646,80.63051556076705,29.64709663881071,-420.4080782971215
14.966666666666667,nan,nan,nan,nan,nan,nan,nan,nan
15.233333333333333,nan,nan,nan,nan,nan,nan,nan,nan
15.5,11,-0.4356917224307719,0.8372118057724925,0.0034063765350165064,-0.33051098601918116,-1.3340332192878666,25.255223496166337,-215.72014276403985
15.766666666666667,11,-0.4029980171591554,0.848743293866746,-0.02016336056714651,-0.3417906642561422,-1.107024012968693,4.381700025533455,-203.62166372429363
16.033333333333335,17,-0.14024332394245861,0.9848076186283794,0.03299715735000324,0.09693787695163432,-14.847818602272321,-6.8277761060296305,41.61423935305051
16.033333333333335,6,-0.40384703608051414,0.8507815910935874,0.02893461986866259,0.33502394463426594,-6.484063859282903,12.708584381170116,-56.46092175600044
16.033333333333335,11,-0.3796850425814384,0.8516025548077957,-0.06574301803611643,-0.3553733426472358,-1.597292737478437,-13.753115541871281,-215.49776632571704
16.3,17,-0.12518395079374198,0.9862262059689381,-0.05219756385868644,0.09466923180739525,-13.785574426027331,-1.4578291468052849,37.811024193300575
16.3,6,-0.4145793099576496,0.8541306109634496,-0.008425896504918958,0.3138692393948985,-6.291070831363902,7.484607542797935,-62.07398065380957
16.3,11,-0.3992098388742298,0.8635862757650181,-0.03249313416454582,0.30625878777348176,0.5362152387372285,-29.20808899648004,-201.10503293379594
16.566666666666666,17,-0.10153567185324469,0.9845137673875501,-0.10666635902011624,0.09510750243316679,-13.649878104008407,2.427335919461653,33.45205495278649
16.566666666666666,11,-0.39558500238295513,0.8618673628048704,-0.060612529314647015,0.3114855953515929,7.53169064999874,-52.60490710081694,-231.2226404638772
16.566666666666666,6,-0.4079791308138928,0.8578729472208785,-0.03731962121716886,0.310184269619063,-4.843330271922738,2.9779063272361577,-81.76960923917301
16.833333333333332,17,-0.095979879435485,0.9811279435538127,-0.144257502045727,0.08582304017537237,-6.923924145403832,3.265312146550003,17.883697789997452
16.833333333333332,10,-0.032766484656171886,0.9660035354005215,0.2131049686664373,-0.14265272309579974,15.40926380399928,20.344772325317933,-86.32275043800274
16.833333333333332,6,-0.4082213164279213,0.8662647310972155,-0.07427012232698534,0.27825298093723744,-4.502563511040914,-1.4949721726140675,-60.858959191661974
17.1,17,-0.1330796654883388,0.9544876265726479,-0.0325461223657364,0.264922485403146,3.2760887083263275,-0.1020900071772428,-4.926807090230371
17.1,10,-0.013420615479937684,0.9758593245232909,0.16179862661318264,-0.1460810399989474,11.162120367674788,14.933359865361757,-81.37855903230194
17.1,6,-0.4120073972273573,0.8687343910572811,-0.08583603784944434,0.26111805190484705,-6.861611036655985,-4.355415086296416,-61.86656743618279
17.366666666666667,17,-0.1318083574045057,0.9615208941492615,-0.05597113963968008,0.2344597162844107,6.678048608326402,-3.0049820023250677,-16.260923130812923
17.366666666666667,10,0.0033542880157558016,0.978195841186331,0.12826109072414932,-0.16331178048115633,10.352365952930274,10.843856495354055,-86.07655528055774
17.366666666666667,6,-0.4119203238759165,0.8691417447818768,-0.10900951762447787,0.25106015080604427,-7.524169295153445,-6.862586572802822,-57.28087534191395
17.633333333333333,10,0.01862327117164499,0.9791317617726213,0.10151607691764697,-0.17506756691677805,5.095000070340719,5.525795699583643,-77.12968057101527
17.633333333333333,6,-0.3368118952470231,0.8318098116879167,0.02728778658988882,-0.4403470916252833,-7.70217356266568,-9.673661364510926,-39.813936228447986
17.9,10,0.02873447421429589,0.983054930425282,0.06764135003394174,-0.16793445603495985,4.395922495070434,2.002267808978983,-71.29919922855714
17.9,6,-0.41028469455319233,0.8784213214926087,-0.129444428909014,0.20805429865059757,-9.71678568805225,-10.482364384252516,-49.888603200661414
18.166666666666668,10,0.03170518801988796,0.9839756386467612,0.03706528173117796,-0.17150186148409738,6.741688732577455,1.6893937488025947,-82.43185003252756
18.433333333333334,10,0.033816391817511594,0.9653412131046492,-0.06684723296714958,0.25000848259754044,2.3047597214558593,0.2327738472005157,-3.815559769703
18.433333333333334,6,-0.41220714081126175,0.8608236962174088,-0.13631792286323668,0.2654906043555129,-3.8447243637182886,-33.509381312279466,-129.07031086740943
18.7,nan,nan,nan,nan,nan,nan,nan,nan
18.966666666666665,nan,nan,nan,nan,nan,nan,nan,nan
19.233333333333334,15,-0.08128611101183078,0.9755801847985229,0.13422558778785687,-0.15368592247846422,58.4456081562612,10.39564101175175,125.89681718925574
19.233333333333334,6,-0.3257176933288248,0.9140620491437078,-0.15721937087672927,-0.1835228159899503,83.90897795496043,-54.877223265048194,-209.68763798589754
19.5,15,-0.0988637334674037,0.9778121580287831,0.06559690416387244,-0.17264527789689524,28.346310289895282,6.57827635764805,80.58481425499657
19.766666666666666,15,-0.10469061968882062,0.990404173517757,-0.007711416989666829,-0.08988871606487088,4.418378443049885,1.7038295669924732,23.793243031916013
20.033333333333335,15,-0.11930709181825713,0.9820760810937443,-0.08721685549460277,-0.11698550723511404,-0.7712899439806651,0.08621251872025618,-1.406922005340951
20.3,15,-0.12130576623296549,0.989331409815339,-0.023152343770600964,0.07728027956312569,-0.3874854111818647,-0.9626608842602551,-20.389718658962906
20.566666666666666,15,-0.12271488653801589,0.9853809706886789,0.01228947975880472,0.11753453923786326,0.881840719664748,-0.958784703469904,-29.834409340145257
20.833333333333332,18,-0.08999388858535598,0.8876653842845414,0.0056871631719604635,-0.45157382755793024,6.6789134711921765,-0.8462368530707979,16.058770528301256
20.833333333333332,15,-0.12700434178071596,0.9836507992442245,0.03323295940196667,-0.12327437983795646,2.577529488409094,2.2785324691485993,-47.919964910261534
21.1,15,-0.14494378231373173,0.9728587962915553,0.11972414856005953,-0.13491920062876345,2.358933014274993,13.003614773073311,-65.85922191575501
21.1,9,0.38228537849641286,0.910936203921838,0.031043465647173422,-0.15195204839994297,-8.105084594862916,-2.8381047133505564,-25.177683388114023
21.1,20,-0.08571315921310795,0.9914937101405192,0.07423325270777327,-0.06389758431991265,-3.709346046994797,15.236942242615111,58.15240918810137
21.366666666666667,9,0.3661859869966296,0.9051399603031433,0.12420119423798498,-0.17664523356033923,16.01436149187976,0.6794896325332318,48.76734282883247
21.366666666666667,20,-0.09887368934193981,0.983157549834976,0.14033428018756974,-0.06270179871931053,-2.2842391177381014,11.393170815958143,93.201231663477
21.633333333333333,9,0.3593871909320093,0.894582345979796,0.17967736043212235,-0.19565101431740445,44.00493055758424,-8.538686980701288,110.33854485525178
21.633333333333333,20,-0.1153382877775269,0.9722671335769565,0.18476946434206545,-0.0851700967789946,2.1164018180992765,3.177426969558023,101.71444902133636
21.9,9,0.2673727858231186,0.9289592938064534,-0.15620482229684393,-0.20284594485227392,59.41873896954752,-21.3616020272668,124.91455031261889
21.9,20,-0.13976509498435138,0.9752058380529136,-0.16884750515127464,0.03049281318146973,6.371604801592954,-5.821117967758523,101.75602613456661
21.9,12,0.6909799447809082,0.6606941461072519,0.08512291483122478,-0.2806849667880675,-59.94716268416912,-100.13593275255322,-350.5669093150708
21.9,5,0.8071745153539405,0.504866028351181,0.25977354429899835,-0.1615465903768084,58.35814104835886,-81.60297696994738,-319.4080970713539
22.166666666666668,20,-0.16761808969258593,0.9808434789276325,-0.08874087029736209,0.044444389880095296,5.858026671051656,-9.440613196302108,58.250412337606285
22.166666666666668,12,0.6615834053907919,0.6620644928494794,0.10529050276810295,-0.3359939211448996,-72.25867698597234,-73.91588522544403,-393.7810446816152
22.166666666666668,5,0.7831116292853053,0.5124819706370057,0.2559749119859472,-0.24202324327203054,48.327116401281955,-40.86631428961085,-292.8967552280841
22.433333333333334,20,-0.17922672880100923,0.9777860737574834,-0.0893747707195276,0.06184111907175307,6.754333037346461,-14.205579860199654,68.72133526764547
22.433333333333334,12,0.6461719710483762,0.668136956273049,0.11038016466779212,-0.3519531371383888,-66.07168764780464,-58.323015206715205,-392.3119362282501
22.433333333333334,5,0.7720264250566153,0.5191137394934288,0.25344054384875936,-0.2650736033955401,47.16764204891234,-23.929283487999736,-263.2767978408727
22.7,20,-0.19868153034877215,0.9767785819638016,-0.04303798544437172,0.0676534043780859,1.8823368889037129,-8.704660593669916,36.93346207364283
22.7,5,0.7386264725748118,0.5365745178817937,0.30282807633959047,-0.27352125502796804,78.20649524395411,-16.29571678954673,-308.2778771580848
22.966666666666665,20,-0.1987914030377149,0.9679974968867743,-0.06754810278574222,0.13747755420170624,-3.9067525604676776,-18.181212401581398,73.761687397082
22.966666666666665,5,0.7756309516603618,0.4212420572753204,-0.09196777710100411,0.4609703721325236,114.62290019299475,-13.045098084424096,-311.21623035073117
22.966666666666665,12,0.6009691797439788,0.7188185362139433,0.18152259528404072,-0.2986394220367429,7.249709838356527,-46.31349609687725,-399.81609445078607
23.233333333333334,nan,nan,nan,nan,nan,nan,nan,nan
23.5,12,0.537265177719097,0.7656820878069981,0.2805146531341747,-0.21538012582176014,126.46733150448885,-35.22198924527016,-426.39715637740164
23.766666666666666,12,0.5274938990703288,0.7779628267200118,0.30021052146921295,-0.16247359626897542,167.03487164710307,-36.015463272164176,-408.8035777325721
24.033333333333335,nan,nan,nan,nan,nan,nan,nan,nan
24.3,nan,nan,nan,nan,nan,nan,nan,nan
24.566666666666666,nan,nan,nan,nan,nan,nan,nan,nan
24.833333333333332,nan,nan,nan,nan,nan,nan,nan,nan
25.1,nan,nan,nan,nan,nan,nan,nan,nan
25.366666666666667,nan,nan,nan,nan,nan,nan,nan,nan
25.633333333333333,nan,nan,nan,nan,nan,nan,nan,nan
25.9,nan,nan,nan,nan,nan,nan,nan,nan
26.166666666666668,nan,nan,nan,nan,nan,nan,nan,nan
26.433333333333334,nan,nan,nan,nan,nan,nan,nan,nan
26.7,nan,nan,nan,nan,nan,nan,nan,nan
26.966666666666665,nan,nan,nan,nan,nan,nan,nan,nan
27.233333333333334,nan,nan,nan,nan,nan,nan,nan,nan
27.5,nan,nan,nan,nan,nan,nan,nan,nan
27.766666666666666,nan,nan,nan,nan,nan,nan,nan,nan
28.033333333333335,nan,nan,nan,nan,nan,nan,nan,nan
28.3,nan,nan,nan,nan,nan,nan,nan,nan
28.566666666666666,nan,nan,nan,nan,nan,nan,nan,nan
28.833333333333332,nan,nan,nan,nan,nan,nan,nan,nan
29.1,nan,nan,nan,nan,nan,nan,nan,nan
29.366666666666667,nan,nan,nan,nan,nan,nan,nan,nan
29.633333333333333,nan,nan,nan,nan,nan,nan,nan,nan
29.9,nan,nan,nan,nan,nan,nan,nan,nan
30.166666666666668,nan,nan,nan,nan,nan,nan,nan,nan
30.433333333333334,nan,nan,nan,nan,nan,nan,nan,nan
30.7,nan,nan,nan,nan,nan,nan,nan,nan
30.966666666666665,nan,nan,nan,nan,nan,nan,nan,nan
31.233333333333334,nan,nan,nan,nan,nan,nan,nan,nan
31.5,nan,nan,nan,nan,nan,nan,nan,nan
31.766666666666666,nan,nan,nan,nan,nan,nan,nan,nan
32.03333333333333,nan,nan,nan,nan,nan,nan,nan,nan
32.3,nan,nan,nan,nan,nan,nan,nan,nan
32.56666666666667,nan,nan,nan,nan,nan,nan,nan,nan
32.833333333333336,nan,nan,nan,nan,nan,nan,nan,nan
33.1,nan,nan,nan,nan,nan,nan,nan,nan
33.36666666666667,nan,nan,nan,nan,nan,nan,nan,nan
33.63333333333333,nan,nan,nan,nan,nan,nan,nan,nan
33.9,nan,nan,nan,nan,nan,nan,nan,nan
34.166666666666664,nan,nan,nan,nan,nan,nan,nan,nan
34.43333333333333,nan,nan,nan,nan,nan,nan,nan,nan
34.7,nan,nan,nan,nan,nan,nan,nan,nan
34.96666666666667,nan,nan,nan,nan,nan,nan,nan,nan
35.233333333333334,nan,nan,nan,nan,nan,nan,nan,nan
35.5,nan,nan,nan,nan,nan,nan,nan,nan
35.766666666666666,nan,nan,nan,nan,nan,nan,nan,nan
36.03333333333333,nan,nan,nan,nan,nan,nan,nan,nan
36.3,nan,nan,nan,nan,nan,nan,nan,nan
36.56666666666667,nan,nan,nan,nan,nan,nan,nan,nan
36.833333333333336,nan,nan,nan,nan,nan,nan,nan,nan
37.1,nan,nan,nan,nan,nan,nan,nan,nan
37.36666666666667,nan,nan,nan,nan,nan,nan,nan,nan
37.63333333333333,nan,nan,nan,nan,nan,nan,nan,nan
37.9,8,0.8040794012433965,-0.4933487778136003,-0.21347068983080297,-0.2539558318075195,101.79451229464108,28.22338216908002,-243.79047896816417
38.166666666666664,8,0.7960505541138075,-0.5039222770140439,-0.2559451588621638,-0.21646692513892996,65.99544809597703,20.887185178080895,-228.64829153381694
38.43333333333333,nan,nan,nan,nan,nan,nan,nan,nan
38.7,1,0.8696491394451649,-0.33703788791995104,0.3226278073120871,0.16132927297219687,-1.3715986180688484,-0.0702592078940908,9.52494096583927
38.7,8,0.7493198296994588,-0.5651128825334281,0.34168655173086787,0.04916831479930049,11.535850768591397,19.928423667920892,-204.16800475108855
38.96666666666667,1,0.8997638962232486,-0.3056489695860628,0.26975413245155444,0.15568027000698106,2.7998487183233833,-1.1304475573132808,-2.7937622208081283
38.96666666666667,8,0.7854293115466721,-0.5431835443620076,0.29397846439439684,0.04036206349978034,-9.344311986332336,15.046219793608943,-157.84855647564916
39.233333333333334,1,0.9581293800480853,-0.27364879255707925,-0.03971007541861488,-0.07434742316296088,2.43944242647174,-2.185177471893471,-17.035499160065005
39.233333333333334,8,0.8115059262678238,-0.5164470555372421,0.2669991856741024,0.058753768461948006,-23.111454466401085,11.420339497062983,-155.86608653499707
39.5,1,0.9556419954638884,-0.26372339922657645,-0.11947948372130036,-0.054064759093784,2.842061909019956,-5.243324121861371,-46.007139152787744
39.5,8,0.8326374422663244,-0.4955783488257202,0.23562530120540023,0.07481782770991557,-39.13645830671044,9.495768305928863,-156.10749146258308
39.766666666666666,7,0.7239485123700188,0.6387431991271334,0.2601476247868947,-0.015129121713071974,38.11844831247118,-0.579964984005509,-93.52711259822168
39.766666666666666,1,0.9534991389576617,-0.24307316342824078,-0.17454349158460392,-0.03590819925088088,-2.1732256671471912,-8.524996093101182,-60.86054423437182
39.766666666666666,8,0.8464609241231201,-0.4729215688787112,0.20980957253677138,0.12581350044358985,-69.18437111123922,3.69656735352637,-191.0749115168424
40.03333333333333,7,0.714192075753862,0.6640480290539039,0.21586221518903428,-0.04871753373990419,22.79176181416285,-2.165518895174552,-80.45592071319554
40.03333333333333,1,0.9469328622944044,-0.2144035252858138,-0.23899156515481854,0.015241864610084593,-10.871016190445959,-15.83480345128849,-82.4683872833552
40.03333333333333,8,0.8744385961913268,-0.42957130463809146,0.1848152434960926,0.12910833239551145,-91.33431105608175,-11.398693744619262,-187.24918170556958
40.3,1,0.9599345803613754,-0.14066927635743262,0.11468774352978434,0.21350521679704434,-14.681133052941464,-17.579190120288263,-78.94629358106242
40.3,7,0.7099211176954952,0.6775509452892349,0.18122863624676397,-0.06397581255272437,12.365863735474274,-2.441229763635962,-66.94530489431648
40.3,13,0.9169426452987882,-0.32882049404872704,0.15854896843706381,0.16110708405763735,-42.87555609052447,-20.684156281914742,98.53783207837421
40.3,19,-0.6245324648039048,0.7501101810376969,-0.20597457769742375,-0.06977384934143248,-8.247145868167673,21.520693225015695,-89.17927760681467
40.56666666666667,7,0.6973692386899838,0.69690665391589,0.13077272498967232,-0.10438273351223405,5.070182644647662,-2.7888392458014315,-57.99545049506307
40.56666666666667,13,0.9291514921284728,-0.29041003083910655,0.12951356608500605,0.18858885137623208,-33.78612516552452,-22.109456623587274,109.99221643552465
40.56666666666667,19,-0.6479172084427429,0.734334537911451,-0.1813426139602998,-0.08983837596586888,-17.056025492875165,17.830960786648145,-82.94934567558555
40.833333333333336,13,0.9420837680322768,-0.25235924943704907,0.10590798624803278,0.19384654158009418,-19.734987474759087,-17.253426076279748,100.12273119263737
40.833333333333336,7,0.6865906046235234,0.7156237218960737,0.06735022931532342,-0.10927020139767803,0.3273954755029738,-3.162401408191945,-40.1841971491683
40.833333333333336,19,-0.6805550667979108,0.7018178943753884,-0.16384374042326832,-0.13210478005848286,-34.04249772582477,18.543811445831096,-111.44550090558525
41.1,7,0.6456244065356058,0.730956771912981,-0.11120066011577066,0.19106474418353075,-0.582267918594351,-2.5894364995675803,-5.9670338798385885
41.1,19,0.699538718582905,-0.6818240848340944,0.16859476038267734,0.13167120154021777,-31.758295000385093,5.9324056773616665,-80.93905025058677
41.1,13,0.9510416193976712,-0.22348622349075803,0.07470678870761963,0.19998160366466017,-9.94311687069887,-9.17450012530266,90.67108558102719
41.36666666666667,19,0.7136524849871705,-0.6467461452769225,0.18314947848752686,0.1971695279976736,-59.29308394745949,-3.192663444082724,-119.77731143996141
41.36666666666667,13,0.9482403653862876,-0.1843992883560121,0.0526737711194271,0.25310587852109323,-1.433397538075065,-1.8590025678907616,100.42465268611171
41.63333333333333,13,0.9584042760371052,-0.1778439046979216,-0.04771325755526843,-0.21807391932336537,2.8928709811691116,9.637465291987068,102.0465348836117
41.9,13,0.9719167897097227,-0.17348921434701933,-0.03371604141542613,-0.15537848929911147,3.3275875912727564,14.971543276893033,81.07658657643823
41.9,0,0.6836164205475067,-0.5560786146898413,-0.31806820268261277,-0.34968240202316997,-24.369475287979757,53.829743926298235,-381.79912231956007
42.166666666666664,5,0.7376951281319771,0.46775165379139405,-0.08489583004960781,-0.4793818794509759,-108.53862552950791,-12.625036739925989,-207.286462312918
42.43333333333333,5,0.7608228787156696,0.4802189844930055,-0.09682438576762818,-0.42563283763829796,-92.5412627879152,-32.36293023719953,-184.75016678723
42.7,5,0.7639299600026118,0.4835118581801048,-0.11269281639610994,-0.4122227896930772,-81.4265183142894,-39.45203502816093,-163.56475160697974
42.7,0,0.7393791447379815,-0.5846287448358514,-0.22138849803234373,-0.250029686191802,-12.605411486835472,-53.87392321955045,-371.56855959152284
42.96666666666667,11,-0.33328899342376195,0.8886222766105997,0.07618479861224271,-0.3057200890265187,1.2022339063279062,39.37728552057561,-205.46794622280314
42.96666666666667,0,0.7518810730304022,-0.5910343951088295,-0.20306366474487428,-0.21004367135758278,-16.473263673771935,-70.83398600108868,-340.07487234894415
43.233333333333334,11,-0.32837457823607175,0.8894593282562093,0.05627681903540773,-0.31283407644556727,-5.542693017774429,31.212794372703566,-203.57252132477558
43.233333333333334,0,0.7518664697782584,-0.5954921053157329,-0.21219154244489286,-0.18724506253750114,-26.26289781458982,-83.47362305674402,-345.19809497040296
43.5,11,-0.3358435322475781,0.8670428781601235,0.023518438266926688,-0.36727735070483736,-18.10506268852123,23.17746620891155,-245.20172797212007
43.766666666666666,17,-0.041999136225444156,0.9678977310285424,0.08494964519739175,0.23279521603107156,1.159651315061527,-0.5929087924172206,1.67153905345021
43.766666666666666,11,-0.3051026943910579,0.9032931552271152,0.06326224917486603,0.29490966315890166,-32.59912436542583,7.182783762637714,-242.27475399870767
44.03333333333333,17,-0.051414970612944845,0.9933203690204297,-0.0236110415590262,0.10056671418757476,-3.8523691524329053,-1.9351807211063654,22.082028374654733
44.03333333333333,6,-0.3346318860344089,0.8998498798615909,0.05151493629262787,0.27502346427332547,-29.6392812343617,27.38099308545642,-117.47262229840773
44.03333333333333,11,-0.3228568950583342,0.9092220954283433,0.04633569417476587,0.2587114414623501,-40.17698058311256,-9.694853625423349,-228.94434022634042
44.3,17,-0.07124392980449547,0.9841402913962035,0.054363682021410106,0.15309075541548225,0.9477506527840789,-0.1469314594181651,0.3533988040429619
44.3,6,-0.3472228117845862,0.9022091393834051,0.06204329887056722,0.2482047881381799,-45.64274089947491,24.787914316839206,-150.2490092055672
44.3,11,-0.3396380668624369,0.9082813437024861,0.036990895232405535,0.24145943321779417,-51.491412857496975,-24.45918441714809,-233.34609591541087
44.56666666666667,17,-0.07272772572080609,0.9846163387448283,0.05477792084405094,0.14913323833475764,1.7636360898042787,-0.12518751830697789,-7.555271115900417
44.56666666666667,6,-0.3527744357881719,0.9081009756513572,0.05003824895201454,0.21999770252710935,-48.16600253110297,17.557584013198074,-140.00573417028585
44.56666666666667,11,-0.34375618009956965,0.9122675097403524,0.03329920397265515,0.22020636305582938,-58.909710061831625,-32.50843064125101,-225.66102713645662
44.833333333333336,17,-0.0715908612053515,0.9877250310879321,-0.10198358290835623,-0.09419851576003849,1.305583103706179,-0.5463992745395261,-23.838354792901455
44.833333333333336,6,-0.3610753706760589,0.908916066265884,0.03230232912252602,0.20604058024612085,-47.33735062011662,9.95630709314128,-129.46261908825687
44.833333333333336,11,-0.3484235404422371,0.9141867202373398,0.020609887426274114,0.20600706188786116,-62.17881055141059,-42.56910138697705,-220.09372339293816
45.1,17,-0.08806464793919562,0.9828875325780143,0.03811290607733691,0.15723906154765904,2.5678593994232815,-1.9208950717107183,-20.651478722801546
45.1,6,-0.3687919072815782,0.9088928685146364,0.012320015705093244,0.19430517208730735,-42.186331938691545,3.3651043377621788,-113.86917795517833
45.1,11,-0.34278007896821616,0.9179458123731581,0.00589155624796047,0.19960609352949027,-63.361496158804776,-52.45437189021913,-218.2259348417584
45.36666666666667,17,-0.08975242612311228,0.9813850630119696,0.011550270961084125,0.16939436632525146,3.7007126616527124,-4.644459338329744,-30.830559505781096
45.36666666666667,10,0.09268570956579006,0.9760986254041975,0.08694513128314141,0.1762991119446707,-6.220634009218937,20.103590634104258,-95.04690810668427
45.36666666666667,6,-0.381398276995976,0.905828968426957,-0.009608764588927706,0.18416543081189332,-35.54170401896946,-3.4543240753498017,-99.68578051844781
45.63333333333333,17,-0.06051043892290379,0.961961433872524,-0.25436943828853137,-0.0791509658061885,-0.7714628519079882,1.2095445730751828,-0.8807744489431114
45.63333333333333,10,0.08461650788789052,0.9750597734882898,0.08985280888974385,0.18445855212607226,-5.881745473016439,18.537777257096927,-96.85271257570865
45.9,nan,nan,nan,nan,nan,nan,nan,nan
46.166666666666664,10,0.034399026328604795,0.9913447067553689,0.12538231293586413,-0.018211396942814272,10.176693935447002,6.15663493968507,-33.75267691930854
46.43333333333333,nan,nan,nan,nan,nan,nan,nan,nan
46.7,nan,nan,nan,nan,nan,nan,nan,nan
46.96666666666667,nan,nan,nan,nan,nan,nan,nan,nan
47.233333333333334,15,-0.14575134608339485,0.9819290513032103,-0.005689204158152244,-0.12057991656035771,-0.7294047103911818,-0.10589543745576953,-1.3411214407524903
47.5,9,0.38899195244466067,0.902572475107448,0.06653831633365177,-0.17210706136352782,-16.494678214984425,-11.532245771381678,-44.407004674261835
47.5,15,-0.14100907041254773,0.9871830372496277,0.06487227616226644,0.037117122915387255,0.17702904425766922,0.244648182214787,-6.156847766154952
47.766666666666666,15,-0.13660433634121202,0.985905335407258,-0.09462043463183907,0.019413867681658686,-3.8520930734237586,-2.099941441366846,30.344301081103396
47.766666666666666,9,0.3170934696196349,0.868684100810341,-0.3803486484426607,0.013212499829801338,-0.4454147964864344,-1.8124589559567084,-9.753962076331375
48.03333333333333,15,-0.13504853175180342,0.9839135269983873,0.06585264435277072,0.09664106111288015,-15.704490939532054,-4.6979022316450125,50.8729398371844
48.03333333333333,18,-0.09000589496319344,0.9886700905279887,0.11229739831978956,0.042657769489973525,-7.5224269492282625,0.6002997877246015,-29.890152595247443
48.03333333333333,9,0.38275798385700543,0.8704671616861166,-0.30120725276405874,0.07111566003465837,2.0738872487242133,5.237954830616107,21.124499905543374
48.3,15,-0.1270117703145276,0.9846914168670753,-0.028262923024700192,0.11598289068643425,-33.09362740964578,-6.771637839873513,73.20615627528848
48.3,9,0.3950099174463736,0.9081753519117276,0.13258839647012274,0.04006260626195501,-5.743504267852494,14.703656333923941,60.298996503999284
48.3,18,-0.09574406310480035,0.9826877247864256,0.11906243080772658,0.10479526470417228,-6.922414537254344,1.30467363839952,-52.44239688269344
48.56666666666667,9,0.3856524194732065,0.9097621506680169,0.11974373707345706,0.09626254722398116,-13.773458907345294,19.72327760063567,81.57439072673456
48.56666666666667,18,-0.10805642815692972,0.9806252340825418,0.08043318859078025,0.14222679349421669,-3.903478278095328,2.1485493322517635,-66.15854693525684
48.833333333333336,9,0.3738679059052779,0.9114015970419842,0.15926636472960098,0.06483936234372313,-13.480097468667887,12.473945232784779,54.95050975906279
48.833333333333336,18,-0.12561106772513597,0.9809115578371095,-0.038982024613882484,-0.143229805290411,-0.9999792030646244,1.9773093395426566,-45.251469569804534
49.1,9,0.35796432442869386,0.9133677492288066,0.17018681465850902,0.09304485596422399,-21.047728524167933,16.807139711888787,78.76362724611528
49.1,18,-0.12591064398649474,0.9818433855951433,-0.017407526518539728,-0.1408085718785596,0.26195179146524605,2.7558467554816466,-52.85238009082064
49.36666666666667,9,0.33388340060094707,0.9131490040425352,0.18865215288331413,0.13817067862525773,-34.09407801566252,23.02412308152781,115.66616701746992
49.36666666666667,18,-0.14625396492468387,0.9769457603001435,-0.035258321219113986,-0.15147148233312427,1.5673439609840325,4.524741873551157,-66.35566749105959
49.63333333333333,9,0.32185771059889,0.9122087585757627,0.21758440126912465,0.1301530761452214,-39.27823134486719,20.681341273899942,106.66851747404783
49.63333333333333,18,-0.13717521994997173,0.9866228397151354,-0.010480239529472248,-0.0874556788523431,3.4139583224117693,2.8954855174411636,-38.332019055919346
49.9,18,-0.14977457072441,0.9577969510365989,0.07969114307914227,0.2320385749483334,2.0754020992417703,0.6256879714409685,-4.257272514426522
50.166666666666664,18,-0.1698224396348073,0.983883812469429,-0.015734775699319525,0.05371591375743142,-9.736892054875527,-4.331691326321662,31.370995299662905
50.43333333333333,18,-0.18340906817753194,0.9726464044104112,0.01086612366829294,0.14213378575895902,-32.39033990095237,-16.188612425819215,81.35527585351852
50.7,nan,nan,nan,nan,nan,nan,nan,nan
50.96666666666667,nan,nan,nan,nan,nan,nan,nan,nan
51.233333333333334,nan,nan,nan,nan,nan,nan,nan,nan
51.5,nan,nan,nan,nan,nan,nan,nan,nan
51.766666666666666,nan,nan,nan,nan,nan,nan,nan,nan
52.03333333333333,nan,nan,nan,nan,nan,nan,nan,nan
52.3,nan,nan,nan,nan,nan,nan,nan,nan
52.56666666666667,nan,nan,nan,nan,nan,nan,nan,nan
52.833333333333336,nan,nan,nan,nan,nan,nan,nan,nan
53.1,nan,nan,nan,nan,nan,nan,nan,nan
53.36666666666667,nan,nan,nan,nan,nan,nan,nan,nan
53.63333333333333,nan,nan,nan,nan,nan,nan,nan,nan
53.9,nan,nan,nan,nan,nan,nan,nan,nan
54.166666666666664,nan,nan,nan,nan,nan,nan,nan,nan
54.43333333333333,nan,nan,nan,nan,nan,nan,nan,nan
54.7,nan,nan,nan,nan,nan,nan,nan,nan
54.96666666666667,nan,nan,nan,nan,nan,nan,nan,nan
